date,treasury_10y,inflation_expectation_1y,real_rate,real_rate_ema_short,real_rate_ema_medium,real_rate_ema_long,sentiment_short,sentiment_medium,sentiment_long,sentiment_composite,confidence_short,confidence_medium,confidence_long,confidence_composite,sentiment_interpretation,signal_strength
2023-09-06,4.3,3.2,1.1,1.1,1.1,1.1,-0.625,-0.625,-0.625,-0.625,0.85,0.85,0.85,0.85,Strongly Bearish,Very Strong
2023-09-07,4.27,3.2,1.07,1.082,1.0835,1.0842,-0.6175,-0.6181,-0.6184,-0.6181,0.85,0.85,0.85,0.85,Strongly Bearish,Very Strong
2023-09-08,4.26,3.2,1.06,1.0716,1.0741,1.0753,-0.6132,-0.6142,-0.6147,-0.6141,0.85,0.85,0.85,0.85,Strongly Bearish,Very Strong
2023-09-11,4.29,3.2,1.09,1.0792,1.0793,1.0796,-0.6163,-0.6164,-0.6165,-0.6164,0.85,0.85,0.85,0.85,Strongly Bearish,Very Strong
2023-09-12,4.27,3.2,1.07,1.0757,1.0766,1.0773,-0.6149,-0.6153,-0.6155,-0.6153,0.85,0.85,0.85,0.85,Strongly Bearish,Very Strong
2023-09-13,4.25,3.2,1.05,1.0663,1.0697,1.0715,-0.611,-0.6124,-0.6131,-0.6123,0.85,0.85,0.85,0.85,Strongly Bearish,Very Strong
2023-09-14,4.29,3.2,1.09,1.0747,1.0746,1.075,-0.6145,-0.6144,-0.6146,-0.6145,0.85,0.85,0.85,0.85,Strongly Bearish,Very Strong
2023-09-15,4.33,3.2,1.13,1.0939,1.0872,1.0845,-0.6224,-0.6197,-0.6185,-0.6199,0.85,0.85,0.85,0.85,Strongly Bearish,Very Strong
2023-09-18,4.32,3.2,1.12,1.1028,1.0943,1.0902,-0.6262,-0.6226,-0.6209,-0.6228,0.85,0.85,0.85,0.85,Strongly Bearish,Very Strong
2023-09-19,4.37,3.2,1.17,1.1256,1.1102,1.1022,-0.6357,-0.6293,-0.6259,-0.6295,0.85,0.85,0.85,0.85,Strongly Bearish,Very Strong
2023-09-20,4.35,3.2,1.15,1.1338,1.1184,1.109,-0.6391,-0.6326,-0.6288,-0.6328,0.85,0.85,0.85,0.85,Strongly Bearish,Very Strong
2023-09-21,4.49,3.2,1.29,1.1863,1.1527,1.1337,-0.661,-0.6469,-0.639,-0.6474,0.85,0.85,0.85,0.85,Strongly Bearish,Very Strong
2023-09-22,4.44,3.2,1.24,1.2043,1.1698,1.1476,-0.6685,-0.6541,-0.6448,-0.6542,0.85,0.85,0.85,0.85,Strongly Bearish,Very Strong
2023-09-25,4.55,3.2,1.35,1.253,1.2047,1.1732,-0.6888,-0.6686,-0.6555,-0.6687,0.85,0.85,0.85,0.85,Strongly Bearish,Very Strong
2023-09-26,4.56,3.2,1.36,1.2888,1.2344,1.1961,-0.7037,-0.681,-0.665,-0.6807,0.85,0.85,0.85,0.85,Strongly Bearish,Very Strong
2023-09-27,4.61,3.2,1.41,1.3292,1.2676,1.2216,-0.7205,-0.6949,-0.6757,-0.6942,0.85,0.85,0.85,0.85,Strongly Bearish,Very Strong
2023-09-28,4.59,3.2,1.39,1.3495,1.2906,1.2412,-0.729,-0.7044,-0.6838,-0.7032,0.85,0.85,0.85,0.85,Strongly Bearish,Very Strong
2023-09-29,4.59,3.2,1.39,1.363,1.3092,1.2582,-0.7346,-0.7122,-0.6909,-0.7103,0.85,0.85,0.85,0.85,Strongly Bearish,Very Strong
2023-10-02,4.69,4.2,0.49,1.0719,1.1569,1.1722,-0.6133,-0.6487,-0.6551,-0.6435,0.85,0.85,0.85,0.85,Strongly Bearish,Very Strong
2023-10-03,4.81,4.2,0.61,0.9179,1.0556,1.1103,-0.5491,-0.6065,-0.6293,-0.6019,0.85,0.85,0.85,0.85,Strongly Bearish,Very Strong
2023-10-04,4.73,4.2,0.53,0.7886,0.9586,1.0473,-0.4886,-0.5661,-0.603,-0.5617,0.75,0.85,0.85,0.83,Bearish,Very Strong
2023-10-05,4.72,4.2,0.52,0.699,0.8779,0.9908,-0.399,-0.5325,-0.5795,-0.5199,0.75,0.85,0.85,0.83,Bearish,Very Strong
2023-10-06,4.78,4.2,0.58,0.6593,0.8232,0.9474,-0.3593,-0.5097,-0.5614,-0.4951,0.75,0.85,0.85,0.83,Bearish,Very Strong
2023-10-09,4.78,4.2,0.58,0.6329,0.7786,0.9089,-0.3329,-0.4786,-0.5454,-0.4695,0.75,0.75,0.85,0.78,Bearish,Strong
2023-10-10,4.66,4.2,0.46,0.5753,0.7203,0.8623,-0.2753,-0.4203,-0.526,-0.423,0.75,0.75,0.85,0.78,Bearish,Strong
2023-10-11,4.58,4.2,0.38,0.5102,0.6581,0.8127,-0.2102,-0.3581,-0.5053,-0.3727,0.75,0.75,0.85,0.78,Bearish,Strong
2023-10-12,4.7,4.2,0.5,0.5068,0.6292,0.7808,-0.2068,-0.3292,-0.4808,-0.3502,0.75,0.75,0.75,0.75,Bearish,Strong
2023-10-13,4.63,4.2,0.43,0.4812,0.5929,0.7452,-0.1812,-0.2929,-0.4452,-0.3162,0.75,0.75,0.75,0.75,Bearish,Strong
2023-10-16,4.71,4.2,0.51,0.4908,0.5778,0.7215,-0.1908,-0.2778,-0.4215,-0.3035,0.75,0.75,0.75,0.75,Bearish,Strong
2023-10-17,4.83,4.2,0.63,0.5372,0.5873,0.7124,-0.2372,-0.2873,-0.4124,-0.3148,0.75,0.75,0.75,0.75,Bearish,Strong
2023-10-18,4.91,4.2,0.71,0.5948,0.6096,0.7121,-0.2948,-0.3096,-0.4121,-0.3374,0.75,0.75,0.75,0.75,Bearish,Strong
2023-10-19,4.98,4.2,0.78,0.6565,0.6407,0.7189,-0.3565,-0.3407,-0.4189,-0.3673,0.75,0.75,0.75,0.75,Bearish,Strong
2023-10-20,4.93,4.2,0.73,0.681,0.6569,0.72,-0.381,-0.3569,-0.42,-0.3807,0.75,0.75,0.75,0.75,Bearish,Strong
2023-10-23,4.86,4.2,0.66,0.674,0.6575,0.7141,-0.374,-0.3575,-0.4141,-0.3778,0.75,0.75,0.75,0.75,Bearish,Strong
2023-10-24,4.83,4.2,0.63,0.6593,0.6525,0.7058,-0.3593,-0.3525,-0.4058,-0.3698,0.75,0.75,0.75,0.75,Bearish,Strong
2023-10-25,4.95,4.2,0.75,0.6896,0.6702,0.7101,-0.3896,-0.3702,-0.4101,-0.3861,0.75,0.75,0.75,0.75,Bearish,Strong
2023-10-26,4.86,4.2,0.66,0.6797,0.6684,0.7052,-0.3797,-0.3684,-0.4052,-0.3817,0.75,0.75,0.75,0.75,Bearish,Strong
2023-10-27,4.84,4.2,0.64,0.6665,0.6632,0.6989,-0.3665,-0.3632,-0.3989,-0.3746,0.75,0.75,0.75,0.75,Bearish,Strong
2023-10-30,4.88,4.2,0.68,0.671,0.6663,0.697,-0.371,-0.3663,-0.397,-0.3764,0.75,0.75,0.75,0.75,Bearish,Strong
2023-10-31,4.88,4.2,0.68,0.674,0.6688,0.6954,-0.374,-0.3688,-0.3954,-0.3778,0.75,0.75,0.75,0.75,Bearish,Strong
2023-11-01,4.77,4.5,0.27,0.5393,0.5962,0.6542,-0.2393,-0.2962,-0.3542,-0.3022,0.75,0.75,0.75,0.75,Bearish,Strong
2023-11-02,4.67,4.5,0.17,0.4162,0.5187,0.6074,-0.1162,-0.2187,-0.3074,-0.2248,0.75,0.75,0.75,0.75,Bearish,Strong
2023-11-03,4.57,4.5,0.07,0.3008,0.4371,0.5555,-0.0008,-0.1371,-0.2555,-0.1454,0.75,0.75,0.75,0.75,Neutral,Strong
2023-11-06,4.67,4.5,0.17,0.2572,0.3885,0.5183,0.0107,-0.0885,-0.2183,-0.1076,0.35,0.75,0.75,0.67,Neutral,Strong
2023-11-07,4.58,4.5,0.08,0.1981,0.3324,0.4761,0.0255,-0.0324,-0.1761,-0.064,0.35,0.75,0.75,0.67,Neutral,Strong
2023-11-08,4.49,4.5,-0.01,0.1288,0.2702,0.4294,0.0428,0.0075,-0.1294,-0.0265,0.35,0.35,0.75,0.47,Neutral,Medium
2023-11-09,4.62,4.5,0.12,0.1258,0.2429,0.3996,0.0435,0.0143,-0.0996,-0.014,0.35,0.35,0.75,0.47,Neutral,Medium
2023-11-10,4.61,4.5,0.11,0.1206,0.2187,0.3718,0.0449,0.0203,-0.0718,-0.0024,0.35,0.35,0.75,0.47,Neutral,Medium
2023-11-13,4.63,4.5,0.13,0.1237,0.2026,0.3486,0.0441,0.0244,-0.0486,0.0064,0.35,0.35,0.75,0.47,Neutral,Medium
2023-11-14,4.44,4.5,-0.06,0.0625,0.1548,0.3094,0.0406,0.0363,-0.0094,0.0234,0.35,0.35,0.75,0.47,Neutral,Medium
2023-11-15,4.53,4.5,0.03,0.0516,0.1321,0.2827,0.0379,0.042,0.0043,0.0299,0.35,0.35,0.35,0.35,Neutral,Weak
2023-11-16,4.45,4.5,-0.05,0.0178,0.099,0.2508,0.0294,0.0498,0.0123,0.0345,0.35,0.35,0.35,0.35,Neutral,Weak
2023-11-17,4.44,4.5,-0.06,-0.0082,0.0701,0.2211,0.023,0.0425,0.0197,0.0318,0.35,0.35,0.35,0.35,Neutral,Weak
2023-11-20,4.42,4.5,-0.08,-0.0321,0.0428,0.1923,0.017,0.0357,0.0269,0.0293,0.35,0.35,0.35,0.35,Neutral,Weak
2023-11-21,4.41,4.5,-0.09,-0.0514,0.0187,0.1653,0.0121,0.0297,0.0337,0.0274,0.35,0.35,0.35,0.35,Neutral,Weak
2023-11-22,4.42,4.5,-0.08,-0.0609,0.0007,0.1418,0.0098,0.0252,0.0395,0.0264,0.35,0.35,0.35,0.35,Neutral,Weak
2023-11-23,4.42,4.5,-0.08,-0.0673,-0.014,0.1206,0.0082,0.0215,0.0448,0.0258,0.35,0.35,0.35,0.35,Neutral,Weak
2023-11-24,4.47,4.5,-0.03,-0.0549,-0.0169,0.1062,0.0113,0.0208,0.0484,0.0272,0.35,0.35,0.35,0.35,Neutral,Weak
2023-11-27,4.39,4.5,-0.11,-0.0732,-0.0338,0.0856,0.0067,0.0165,0.0464,0.0235,0.35,0.35,0.35,0.35,Neutral,Weak
2023-11-28,4.34,4.5,-0.16,-0.1022,-0.0567,0.0621,0.0054,0.0108,0.0405,0.0186,0.75,0.35,0.35,0.43,Neutral,Medium
2023-11-29,4.27,4.5,-0.23,-0.1448,-0.0882,0.0343,0.1119,0.0029,0.0336,0.0339,0.75,0.35,0.35,0.43,Neutral,Medium
2023-11-30,4.37,4.5,-0.13,-0.1398,-0.0958,0.0186,0.0996,0.001,0.0296,0.0293,0.75,0.35,0.35,0.43,Neutral,Medium
2023-12-01,4.22,3.1,1.12,0.2801,0.1252,0.1237,0.005,0.0437,0.0441,0.0361,0.35,0.35,0.35,0.35,Neutral,Weak
2023-12-04,4.28,3.1,1.18,0.5801,0.317,0.2244,-0.2801,-0.017,0.0189,-0.0588,0.75,0.75,0.35,0.63,Neutral,Strong
2023-12-05,4.18,3.1,1.08,0.7467,0.4557,0.306,-0.4467,-0.1557,-0.006,-0.169,0.75,0.75,0.75,0.75,Neutral,Strong
2023-12-06,4.12,3.1,1.02,0.8378,0.5583,0.3741,-0.5158,-0.2583,-0.0741,-0.2546,0.85,0.75,0.75,0.77,Bearish,Strong
2023-12-07,4.14,3.1,1.04,0.9052,0.6459,0.4376,-0.5438,-0.3459,-0.1376,-0.323,0.85,0.75,0.75,0.77,Bearish,Strong
2023-12-08,4.23,3.1,1.13,0.9801,0.7339,0.5036,-0.5751,-0.4339,-0.2036,-0.3931,0.85,0.75,0.75,0.77,Bearish,Strong
2023-12-11,4.23,3.1,1.13,1.0301,0.8059,0.5633,-0.5959,-0.5025,-0.2633,-0.4494,0.85,0.85,0.75,0.82,Bearish,Very Strong
2023-12-12,4.2,3.1,1.1,1.0534,0.8594,0.6145,-0.6056,-0.5248,-0.3145,-0.4778,0.85,0.85,0.75,0.82,Bearish,Very Strong
2023-12-13,4.04,3.1,0.94,1.0156,0.8741,0.6455,-0.5898,-0.5309,-0.3455,-0.4871,0.85,0.85,0.75,0.82,Bearish,Very Strong
2023-12-14,3.92,3.1,0.82,0.9504,0.8642,0.6622,-0.5627,-0.5268,-0.3622,-0.4846,0.85,0.85,0.75,0.82,Bearish,Very Strong
2023-12-15,3.91,3.1,0.81,0.9036,0.8544,0.6762,-0.5432,-0.5227,-0.3762,-0.4828,0.85,0.85,0.75,0.82,Bearish,Very Strong
2023-12-18,3.95,3.1,0.85,0.8857,0.8536,0.6928,-0.5357,-0.5223,-0.3928,-0.4861,0.85,0.85,0.75,0.82,Bearish,Very Strong
2023-12-19,3.93,3.1,0.83,0.8672,0.8493,0.7059,-0.528,-0.5205,-0.4059,-0.4876,0.85,0.85,0.75,0.82,Bearish,Very Strong
2023-12-20,3.86,3.1,0.76,0.8314,0.8331,0.711,-0.5131,-0.5138,-0.411,-0.4828,0.85,0.85,0.75,0.82,Bearish,Very Strong
2023-12-21,3.89,3.1,0.79,0.8176,0.8252,0.7186,-0.5073,-0.5105,-0.4186,-0.4823,0.85,0.85,0.75,0.82,Bearish,Very Strong
2023-12-22,3.9,3.1,0.8,0.8117,0.8206,0.7263,-0.5049,-0.5086,-0.4263,-0.4832,0.85,0.85,0.75,0.82,Bearish,Very Strong
2023-12-25,3.9,3.1,0.8,0.8078,0.8169,0.7333,-0.5033,-0.507,-0.4333,-0.4842,0.85,0.85,0.75,0.82,Bearish,Very Strong
2023-12-26,3.89,3.1,0.79,0.8019,0.812,0.7387,-0.5008,-0.505,-0.4387,-0.4843,0.85,0.85,0.75,0.82,Bearish,Very Strong
2023-12-27,3.79,3.1,0.69,0.7646,0.7898,0.7341,-0.4646,-0.4898,-0.4341,-0.4681,0.75,0.75,0.75,0.75,Bearish,Strong
2023-12-28,3.84,3.1,0.74,0.7564,0.7808,0.7347,-0.4564,-0.4808,-0.4347,-0.4621,0.75,0.75,0.75,0.75,Bearish,Strong
2023-12-29,3.88,3.1,0.78,0.7643,0.7806,0.739,-0.4643,-0.4806,-0.439,-0.4649,0.75,0.75,0.75,0.75,Bearish,Strong
2024-01-01,3.88,2.9,0.98,0.8362,0.8169,0.7619,-0.5151,-0.507,-0.4619,-0.4951,0.85,0.85,0.75,0.82,Bearish,Very Strong
2024-01-02,3.95,2.9,1.05,0.9075,0.8593,0.7894,-0.5448,-0.5247,-0.4894,-0.5181,0.85,0.85,0.75,0.82,Bearish,Very Strong
2024-01-03,3.91,2.9,1.01,0.9416,0.8867,0.8104,-0.559,-0.5361,-0.5043,-0.5312,0.85,0.85,0.85,0.85,Bearish,Very Strong
2024-01-04,3.99,2.9,1.09,0.9911,0.9236,0.837,-0.5796,-0.5515,-0.5154,-0.5463,0.85,0.85,0.85,0.85,Bearish,Very Strong
2024-01-05,4.05,2.9,1.15,1.0441,0.9648,0.8668,-0.6017,-0.5687,-0.5278,-0.563,0.85,0.85,0.85,0.85,Bearish,Very Strong
2024-01-08,4.01,2.9,1.11,1.066,0.9912,0.89,-0.6108,-0.5797,-0.5375,-0.5733,0.85,0.85,0.85,0.85,Bearish,Very Strong
2024-01-09,4.02,2.9,1.12,1.084,1.0146,0.9119,-0.6183,-0.5894,-0.5466,-0.5824,0.85,0.85,0.85,0.85,Bearish,Very Strong
2024-01-10,4.04,2.9,1.14,1.1027,1.0374,0.9336,-0.6261,-0.5989,-0.5557,-0.5914,0.85,0.85,0.85,0.85,Bearish,Very Strong
2024-01-11,3.98,2.9,1.08,1.0951,1.0452,0.9476,-0.623,-0.6021,-0.5615,-0.5941,0.85,0.85,0.85,0.85,Bearish,Very Strong
2024-01-12,3.96,2.9,1.06,1.0834,1.0479,0.9583,-0.6181,-0.6033,-0.566,-0.595,0.85,0.85,0.85,0.85,Bearish,Very Strong
2024-01-15,3.96,2.9,1.06,1.0756,1.0501,0.968,-0.6148,-0.6042,-0.57,-0.5961,0.85,0.85,0.85,0.85,Bearish,Very Strong
2024-01-16,4.07,2.9,1.17,1.1071,1.0719,0.9872,-0.6279,-0.6133,-0.578,-0.6056,0.85,0.85,0.85,0.85,Strongly Bearish,Very Strong
2024-01-17,4.1,2.9,1.2,1.138,1.0952,1.0075,-0.6409,-0.623,-0.5864,-0.6156,0.85,0.85,0.85,0.85,Strongly Bearish,Very Strong
2024-01-18,4.14,2.9,1.24,1.172,1.1215,1.0296,-0.655,-0.634,-0.5957,-0.6267,0.85,0.85,0.85,0.85,Strongly Bearish,Very Strong
2024-01-19,4.15,2.9,1.25,1.198,1.1449,1.0506,-0.6658,-0.6437,-0.6044,-0.6363,0.85,0.85,0.85,0.85,Strongly Bearish,Very Strong
2024-01-22,4.11,2.9,1.21,1.202,1.1567,1.0658,-0.6675,-0.6486,-0.6107,-0.641,0.85,0.85,0.85,0.85,Strongly Bearish,Very Strong
2024-01-23,4.14,2.9,1.24,1.2147,1.1719,1.0824,-0.6728,-0.6549,-0.6177,-0.6473,0.85,0.85,0.85,0.85,Strongly Bearish,Very Strong
2024-01-24,4.18,2.9,1.28,1.2365,1.1915,1.1012,-0.6819,-0.6631,-0.6255,-0.6556,0.85,0.85,0.85,0.85,Strongly Bearish,Very Strong
2024-01-25,4.14,2.9,1.24,1.2376,1.2003,1.1144,-0.6823,-0.6668,-0.631,-0.6592,0.85,0.85,0.85,0.85,Strongly Bearish,Very Strong
2024-01-26,4.15,2.9,1.25,1.2418,1.2094,1.1273,-0.6841,-0.6706,-0.6364,-0.663,0.85,0.85,0.85,0.85,Strongly Bearish,Very Strong
2024-01-29,4.08,2.9,1.18,1.2212,1.204,1.1324,-0.6755,-0.6683,-0.6385,-0.6608,0.85,0.85,0.85,0.85,Strongly Bearish,Very Strong
2024-01-30,4.06,2.9,1.16,1.2008,1.196,1.135,-0.667,-0.665,-0.6396,-0.6578,0.85,0.85,0.85,0.85,Strongly Bearish,Very Strong
2024-01-31,3.99,2.9,1.09,1.1639,1.1767,1.1307,-0.6516,-0.657,-0.6378,-0.6501,0.85,0.85,0.85,0.85,Strongly Bearish,Very Strong
2024-02-01,3.87,3.0,0.87,1.0659,1.121,1.1059,-0.6108,-0.6337,-0.6274,-0.6273,0.85,0.85,0.85,0.85,Strongly Bearish,Very Strong
2024-02-02,4.03,3.0,1.03,1.0539,1.1044,1.0986,-0.6058,-0.6268,-0.6244,-0.6219,0.85,0.85,0.85,0.85,Strongly Bearish,Very Strong
2024-02-05,4.17,3.0,1.17,1.0926,1.1164,1.1054,-0.6219,-0.6318,-0.6273,-0.6285,0.85,0.85,0.85,0.85,Strongly Bearish,Very Strong
2024-02-06,4.09,3.0,1.09,1.0917,1.1116,1.104,-0.6216,-0.6298,-0.6267,-0.6272,0.85,0.85,0.85,0.85,Strongly Bearish,Very Strong
2024-02-07,4.09,3.0,1.09,1.0912,1.1076,1.1026,-0.6213,-0.6282,-0.6261,-0.6262,0.85,0.85,0.85,0.85,Strongly Bearish,Very Strong
2024-02-08,4.15,3.0,1.15,1.1108,1.1153,1.1072,-0.6295,-0.6314,-0.628,-0.63,0.85,0.85,0.85,0.85,Strongly Bearish,Very Strong
2024-02-09,4.17,3.0,1.17,1.1305,1.1253,1.1131,-0.6377,-0.6355,-0.6305,-0.6345,0.85,0.85,0.85,0.85,Strongly Bearish,Very Strong
2024-02-12,4.17,3.0,1.17,1.1437,1.1334,1.1186,-0.6432,-0.6389,-0.6327,-0.6379,0.85,0.85,0.85,0.85,Strongly Bearish,Very Strong
2024-02-13,4.31,3.0,1.31,1.1991,1.1655,1.1368,-0.6663,-0.6523,-0.6403,-0.6515,0.85,0.85,0.85,0.85,Strongly Bearish,Very Strong
2024-02-14,4.27,3.0,1.27,1.2227,1.1845,1.1495,-0.6761,-0.6602,-0.6456,-0.659,0.85,0.85,0.85,0.85,Strongly Bearish,Very Strong
2024-02-15,4.24,3.0,1.24,1.2285,1.1946,1.1581,-0.6785,-0.6644,-0.6492,-0.6627,0.85,0.85,0.85,0.85,Strongly Bearish,Very Strong
2024-02-16,4.3,3.0,1.3,1.2523,1.2138,1.1716,-0.6885,-0.6724,-0.6548,-0.6703,0.85,0.85,0.85,0.85,Strongly Bearish,Very Strong
2024-02-19,4.3,3.0,1.3,1.2682,1.2294,1.1838,-0.6951,-0.6789,-0.6599,-0.6765,0.85,0.85,0.85,0.85,Strongly Bearish,Very Strong
2024-02-20,4.27,3.0,1.27,1.2688,1.2368,1.192,-0.6953,-0.682,-0.6634,-0.6791,0.85,0.85,0.85,0.85,Strongly Bearish,Very Strong
2024-02-21,4.32,3.0,1.32,1.2859,1.2519,1.2042,-0.7024,-0.6883,-0.6684,-0.6852,0.85,0.85,0.85,0.85,Strongly Bearish,Very Strong
2024-02-22,4.33,3.0,1.33,1.3006,1.2661,1.2162,-0.7086,-0.6942,-0.6734,-0.6909,0.85,0.85,0.85,0.85,Strongly Bearish,Very Strong
2024-02-23,4.26,3.0,1.26,1.2871,1.265,1.2204,-0.7029,-0.6938,-0.6752,-0.69,0.85,0.85,0.85,0.85,Strongly Bearish,Very Strong
2024-02-26,4.28,3.0,1.28,1.2847,1.2677,1.2261,-0.702,-0.6949,-0.6775,-0.6911,0.85,0.85,0.85,0.85,Strongly Bearish,Very Strong
2024-02-27,4.31,3.0,1.31,1.2931,1.2754,1.2341,-0.7055,-0.6981,-0.6809,-0.6944,0.85,0.85,0.85,0.85,Strongly Bearish,Very Strong
2024-02-28,4.27,3.0,1.27,1.2854,1.2744,1.2375,-0.7023,-0.6977,-0.6823,-0.694,0.85,0.85,0.85,0.85,Strongly Bearish,Very Strong
2024-02-29,4.25,3.0,1.25,1.2736,1.27,1.2387,-0.6973,-0.6958,-0.6828,-0.6922,0.85,0.85,0.85,0.85,Strongly Bearish,Very Strong
2024-03-01,4.19,2.9,1.29,1.2791,1.2736,1.2436,-0.6996,-0.6973,-0.6848,-0.694,0.85,0.85,0.85,0.85,Strongly Bearish,Very Strong
2024-03-04,4.22,2.9,1.32,1.2927,1.2821,1.2508,-0.7053,-0.7009,-0.6878,-0.6978,0.85,0.85,0.85,0.85,Strongly Bearish,Very Strong
2024-03-05,4.13,2.9,1.23,1.2718,1.2726,1.2489,-0.6966,-0.6969,-0.687,-0.6939,0.85,0.85,0.85,0.85,Strongly Bearish,Very Strong
2024-03-06,4.11,2.9,1.21,1.2512,1.2612,1.2452,-0.688,-0.6922,-0.6855,-0.6893,0.85,0.85,0.85,0.85,Strongly Bearish,Very Strong
2024-03-07,4.09,2.9,1.19,1.2308,1.2483,1.2399,-0.6795,-0.6868,-0.6833,-0.6843,0.85,0.85,0.85,0.85,Strongly Bearish,Very Strong
2024-03-08,4.09,2.9,1.19,1.2172,1.2377,1.2351,-0.6738,-0.6824,-0.6813,-0.6803,0.85,0.85,0.85,0.85,Strongly Bearish,Very Strong
2024-03-11,4.1,2.9,1.2,1.2115,1.2308,1.2318,-0.6714,-0.6795,-0.6799,-0.678,0.85,0.85,0.85,0.85,Strongly Bearish,Very Strong
2024-03-12,4.16,2.9,1.26,1.2276,1.2361,1.2345,-0.6782,-0.6817,-0.681,-0.6808,0.85,0.85,0.85,0.85,Strongly Bearish,Very Strong
2024-03-13,4.19,2.9,1.29,1.2484,1.2459,1.2398,-0.6868,-0.6858,-0.6832,-0.6852,0.85,0.85,0.85,0.85,Strongly Bearish,Very Strong
2024-03-14,4.29,2.9,1.39,1.2956,1.2721,1.2541,-0.7065,-0.6967,-0.6892,-0.6964,0.85,0.85,0.85,0.85,Strongly Bearish,Very Strong
2024-03-15,4.31,2.9,1.41,1.3337,1.2972,1.2689,-0.7224,-0.7072,-0.6954,-0.7067,0.85,0.85,0.85,0.85,Strongly Bearish,Very Strong
2024-03-18,4.34,2.9,1.44,1.3692,1.3232,1.2852,-0.7372,-0.718,-0.7022,-0.7171,0.85,0.85,0.85,0.85,Strongly Bearish,Very Strong
2024-03-19,4.3,2.9,1.4,1.3794,1.3371,1.2962,-0.7414,-0.7238,-0.7067,-0.7222,0.85,0.85,0.85,0.85,Strongly Bearish,Very Strong
2024-03-20,4.27,2.9,1.37,1.3763,1.3431,1.3032,-0.7401,-0.7263,-0.7097,-0.7241,0.85,0.85,0.85,0.85,Strongly Bearish,Very Strong
2024-03-21,4.27,2.9,1.37,1.3742,1.348,1.3095,-0.7392,-0.7283,-0.7123,-0.7257,0.85,0.85,0.85,0.85,Strongly Bearish,Very Strong
2024-03-22,4.22,2.9,1.32,1.3561,1.3429,1.3105,-0.7317,-0.7262,-0.7127,-0.7233,0.85,0.85,0.85,0.85,Strongly Bearish,Very Strong
2024-03-25,4.25,2.9,1.35,1.3541,1.3442,1.3143,-0.7309,-0.7267,-0.7143,-0.7238,0.85,0.85,0.85,0.85,Strongly Bearish,Very Strong
2024-03-26,4.24,2.9,1.34,1.3494,1.3434,1.3167,-0.7289,-0.7264,-0.7153,-0.7236,0.85,0.85,0.85,0.85,Strongly Bearish,Very Strong
2024-03-27,4.2,2.9,1.3,1.3329,1.3355,1.3152,-0.7221,-0.7231,-0.7146,-0.7204,0.85,0.85,0.85,0.85,Strongly Bearish,Very Strong
2024-03-28,4.2,2.9,1.3,1.322,1.3291,1.3137,-0.7175,-0.7204,-0.714,-0.7179,0.85,0.85,0.85,0.85,Strongly Bearish,Very Strong
2024-03-29,4.2,2.9,1.3,1.3146,1.3238,1.3124,-0.7144,-0.7182,-0.7135,-0.7161,0.85,0.85,0.85,0.85,Strongly Bearish,Very Strong
2024-04-01,4.33,3.2,1.13,1.2531,1.2886,1.295,-0.6888,-0.7036,-0.7063,-0.7014,0.85,0.85,0.85,0.85,Strongly Bearish,Very Strong
2024-04-02,4.36,3.2,1.16,1.2221,1.2652,1.2822,-0.6759,-0.6938,-0.7009,-0.6924,0.85,0.85,0.85,0.85,Strongly Bearish,Very Strong
2024-04-03,4.36,3.2,1.16,1.2014,1.2461,1.2705,-0.6672,-0.6859,-0.6961,-0.6852,0.85,0.85,0.85,0.85,Strongly Bearish,Very Strong
2024-04-04,4.31,3.2,1.11,1.1709,1.2213,1.2552,-0.6545,-0.6755,-0.6897,-0.6756,0.85,0.85,0.85,0.85,Strongly Bearish,Very Strong
2024-04-05,4.39,3.2,1.19,1.1773,1.2156,1.249,-0.6572,-0.6732,-0.6871,-0.6742,0.85,0.85,0.85,0.85,Strongly Bearish,Very Strong
2024-04-08,4.42,3.2,1.22,1.1915,1.2164,1.2463,-0.6631,-0.6735,-0.6859,-0.6752,0.85,0.85,0.85,0.85,Strongly Bearish,Very Strong
2024-04-09,4.36,3.2,1.16,1.181,1.2062,1.2381,-0.6588,-0.6692,-0.6825,-0.6711,0.85,0.85,0.85,0.85,Strongly Bearish,Very Strong
2024-04-10,4.55,3.2,1.35,1.2373,1.2323,1.2487,-0.6822,-0.6801,-0.687,-0.6826,0.85,0.85,0.85,0.85,Strongly Bearish,Very Strong
2024-04-11,4.56,3.2,1.36,1.2782,1.2555,1.2593,-0.6993,-0.6898,-0.6914,-0.6922,0.85,0.85,0.85,0.85,Strongly Bearish,Very Strong
2024-04-12,4.5,3.2,1.3,1.2855,1.2636,1.2632,-0.7023,-0.6932,-0.693,-0.6949,0.85,0.85,0.85,0.85,Strongly Bearish,Very Strong
2024-04-15,4.63,3.2,1.43,1.3337,1.2939,1.2791,-0.7224,-0.7058,-0.6996,-0.7072,0.85,0.85,0.85,0.85,Strongly Bearish,Very Strong
2024-04-16,4.67,3.2,1.47,1.3791,1.3259,1.2973,-0.7413,-0.7191,-0.7072,-0.72,0.85,0.85,0.85,0.85,Strongly Bearish,Very Strong
2024-04-17,4.59,3.2,1.39,1.3827,1.3375,1.3061,-0.7428,-0.724,-0.7109,-0.7238,0.85,0.85,0.85,0.85,Strongly Bearish,Very Strong
2024-04-18,4.64,3.2,1.44,1.4018,1.3562,1.3188,-0.7508,-0.7317,-0.7162,-0.7309,0.85,0.85,0.85,0.85,Strongly Bearish,Very Strong
2024-04-19,4.62,3.2,1.42,1.4079,1.3678,1.3285,-0.7533,-0.7366,-0.7202,-0.735,0.85,0.85,0.85,0.85,Strongly Bearish,Very Strong
2024-04-22,4.62,3.2,1.42,1.4119,1.3773,1.3372,-0.755,-0.7405,-0.7238,-0.7384,0.85,0.85,0.85,0.85,Strongly Bearish,Very Strong
2024-04-23,4.61,3.2,1.41,1.4113,1.3832,1.3441,-0.7547,-0.743,-0.7267,-0.7405,0.85,0.85,0.85,0.85,Strongly Bearish,Very Strong
2024-04-24,4.65,3.2,1.45,1.4242,1.3954,1.3542,-0.7601,-0.7481,-0.7309,-0.7453,0.85,0.85,0.85,0.85,Strongly Bearish,Very Strong
2024-04-25,4.7,3.2,1.5,1.4495,1.4144,1.3681,-0.7706,-0.756,-0.7367,-0.7531,0.85,0.85,0.85,0.85,Strongly Bearish,Very Strong
2024-04-26,4.67,3.2,1.47,1.4563,1.4245,1.3778,-0.7735,-0.7602,-0.7408,-0.757,0.85,0.85,0.85,0.85,Strongly Bearish,Very Strong
2024-04-29,4.63,3.2,1.43,1.4475,1.4255,1.3828,-0.7698,-0.7606,-0.7428,-0.7571,0.85,0.85,0.85,0.85,Strongly Bearish,Very Strong
2024-04-30,4.69,3.2,1.49,1.4617,1.4372,1.393,-0.7757,-0.7655,-0.7471,-0.762,0.85,0.85,0.85,0.85,Strongly Bearish,Very Strong
2024-05-01,4.63,3.3,1.33,1.4178,1.4177,1.387,-0.7574,-0.7574,-0.7446,-0.7536,0.85,0.85,0.85,0.85,Strongly Bearish,Very Strong
2024-05-02,4.58,3.3,1.28,1.3719,1.3927,1.3768,-0.7383,-0.747,-0.7403,-0.7432,0.85,0.85,0.85,0.85,Strongly Bearish,Very Strong
2024-05-03,4.5,3.3,1.2,1.3146,1.3577,1.36,-0.7144,-0.7324,-0.7333,-0.7291,0.85,0.85,0.85,0.85,Strongly Bearish,Very Strong
2024-05-06,4.49,3.3,1.19,1.2731,1.3272,1.3438,-0.6971,-0.7197,-0.7266,-0.7172,0.85,0.85,0.85,0.85,Strongly Bearish,Very Strong
2024-05-07,4.47,3.3,1.17,1.2387,1.2986,1.3272,-0.6828,-0.7077,-0.7197,-0.7063,0.85,0.85,0.85,0.85,Strongly Bearish,Very Strong
2024-05-08,4.48,3.3,1.18,1.2191,1.277,1.3132,-0.6746,-0.6988,-0.7138,-0.6985,0.85,0.85,0.85,0.85,Strongly Bearish,Very Strong
2024-05-09,4.45,3.3,1.15,1.1961,1.2539,1.2977,-0.665,-0.6891,-0.7074,-0.6898,0.85,0.85,0.85,0.85,Strongly Bearish,Very Strong
2024-05-10,4.5,3.3,1.2,1.1974,1.2441,1.2884,-0.6656,-0.6851,-0.7035,-0.6867,0.85,0.85,0.85,0.85,Strongly Bearish,Very Strong
2024-05-13,4.48,3.3,1.18,1.1916,1.2325,1.278,-0.6632,-0.6802,-0.6992,-0.6825,0.85,0.85,0.85,0.85,Strongly Bearish,Very Strong
2024-05-14,4.45,3.3,1.15,1.1777,1.2175,1.2658,-0.6574,-0.6739,-0.6941,-0.6767,0.85,0.85,0.85,0.85,Strongly Bearish,Very Strong
2024-05-15,4.36,3.3,1.06,1.1385,1.1888,1.2462,-0.641,-0.662,-0.6859,-0.665,0.85,0.85,0.85,0.85,Strongly Bearish,Very Strong
2024-05-16,4.38,3.3,1.08,1.119,1.1691,1.2304,-0.6329,-0.6538,-0.6793,-0.6573,0.85,0.85,0.85,0.85,Strongly Bearish,Very Strong
2024-05-17,4.42,3.3,1.12,1.1193,1.1601,1.2199,-0.6331,-0.6501,-0.675,-0.6541,0.85,0.85,0.85,0.85,Strongly Bearish,Very Strong
2024-05-20,4.44,3.3,1.14,1.1262,1.1565,1.2123,-0.6359,-0.6485,-0.6718,-0.653,0.85,0.85,0.85,0.85,Strongly Bearish,Very Strong
2024-05-21,4.41,3.3,1.11,1.1208,1.148,1.2025,-0.6337,-0.645,-0.6677,-0.6496,0.85,0.85,0.85,0.85,Strongly Bearish,Very Strong
2024-05-22,4.43,3.3,1.13,1.1239,1.1447,1.1956,-0.6349,-0.6436,-0.6648,-0.6483,0.85,0.85,0.85,0.85,Strongly Bearish,Very Strong
2024-05-23,4.47,3.3,1.17,1.1392,1.1493,1.1932,-0.6414,-0.6456,-0.6638,-0.6502,0.85,0.85,0.85,0.85,Strongly Bearish,Very Strong
2024-05-24,4.46,3.3,1.16,1.1462,1.1513,1.19,-0.6442,-0.6464,-0.6625,-0.6508,0.85,0.85,0.85,0.85,Strongly Bearish,Very Strong
2024-05-27,4.46,3.3,1.16,1.1508,1.1529,1.1872,-0.6462,-0.647,-0.6613,-0.6511,0.85,0.85,0.85,0.85,Strongly Bearish,Very Strong
2024-05-28,4.54,3.3,1.24,1.1805,1.1687,1.1922,-0.6585,-0.6536,-0.6634,-0.6575,0.85,0.85,0.85,0.85,Strongly Bearish,Very Strong
2024-05-29,4.61,3.3,1.31,1.2237,1.1944,1.2034,-0.6765,-0.6643,-0.6681,-0.6679,0.85,0.85,0.85,0.85,Strongly Bearish,Very Strong
2024-05-30,4.55,3.3,1.25,1.2325,1.2045,1.2079,-0.6802,-0.6685,-0.6699,-0.6713,0.85,0.85,0.85,0.85,Strongly Bearish,Very Strong
2024-05-31,4.51,3.3,1.21,1.225,1.2055,1.2081,-0.6771,-0.669,-0.67,-0.6709,0.85,0.85,0.85,0.85,Strongly Bearish,Very Strong
2024-06-03,4.41,3.0,1.41,1.2866,1.2427,1.2273,-0.7028,-0.6845,-0.678,-0.6862,0.85,0.85,0.85,0.85,Strongly Bearish,Very Strong
2024-06-04,4.33,3.0,1.33,1.3011,1.2586,1.2371,-0.7088,-0.6911,-0.6821,-0.6919,0.85,0.85,0.85,0.85,Strongly Bearish,Very Strong
2024-06-05,4.29,3.0,1.29,1.2974,1.2643,1.2421,-0.7072,-0.6934,-0.6842,-0.6934,0.85,0.85,0.85,0.85,Strongly Bearish,Very Strong
2024-06-06,4.28,3.0,1.28,1.2916,1.2671,1.2457,-0.7048,-0.6946,-0.6857,-0.694,0.85,0.85,0.85,0.85,Strongly Bearish,Very Strong
2024-06-07,4.43,3.0,1.43,1.3377,1.2967,1.2633,-0.7241,-0.707,-0.693,-0.7062,0.85,0.85,0.85,0.85,Strongly Bearish,Very Strong
2024-06-10,4.47,3.0,1.47,1.3818,1.3282,1.283,-0.7424,-0.7201,-0.7012,-0.7189,0.85,0.85,0.85,0.85,Strongly Bearish,Very Strong
2024-06-11,4.39,3.0,1.39,1.3845,1.3395,1.2932,-0.7436,-0.7248,-0.7055,-0.7227,0.85,0.85,0.85,0.85,Strongly Bearish,Very Strong
2024-06-12,4.31,3.0,1.31,1.3597,1.3341,1.2948,-0.7332,-0.7225,-0.7062,-0.7198,0.85,0.85,0.85,0.85,Strongly Bearish,Very Strong
2024-06-13,4.24,3.0,1.24,1.3198,1.317,1.2895,-0.7166,-0.7154,-0.704,-0.7122,0.85,0.85,0.85,0.85,Strongly Bearish,Very Strong
2024-06-14,4.2,3.0,1.2,1.2799,1.2957,1.281,-0.6999,-0.7066,-0.7004,-0.7034,0.85,0.85,0.85,0.85,Strongly Bearish,Very Strong
2024-06-17,4.28,3.0,1.28,1.2799,1.2929,1.2809,-0.7,-0.7054,-0.7004,-0.7028,0.85,0.85,0.85,0.85,Strongly Bearish,Very Strong
2024-06-18,4.22,3.0,1.22,1.2599,1.2796,1.2751,-0.6916,-0.6998,-0.698,-0.6976,0.85,0.85,0.85,0.85,Strongly Bearish,Very Strong
2024-06-19,4.22,3.0,1.22,1.2466,1.2688,1.2699,-0.6861,-0.6953,-0.6958,-0.6936,0.85,0.85,0.85,0.85,Strongly Bearish,Very Strong
2024-06-20,4.25,3.0,1.25,1.2478,1.2654,1.268,-0.6866,-0.6939,-0.695,-0.6928,0.85,0.85,0.85,0.85,Strongly Bearish,Very Strong
2024-06-21,4.25,3.0,1.25,1.2485,1.2626,1.2663,-0.6869,-0.6927,-0.6943,-0.692,0.85,0.85,0.85,0.85,Strongly Bearish,Very Strong
2024-06-24,4.25,3.0,1.25,1.249,1.2603,1.2647,-0.6871,-0.6918,-0.6936,-0.6914,0.85,0.85,0.85,0.85,Strongly Bearish,Very Strong
2024-06-25,4.23,3.0,1.23,1.2427,1.2548,1.2614,-0.6844,-0.6895,-0.6923,-0.6893,0.85,0.85,0.85,0.85,Strongly Bearish,Very Strong
2024-06-26,4.32,3.0,1.32,1.2684,1.2666,1.267,-0.6952,-0.6944,-0.6946,-0.6946,0.85,0.85,0.85,0.85,Strongly Bearish,Very Strong
2024-06-27,4.29,3.0,1.29,1.2756,1.2709,1.2692,-0.6982,-0.6962,-0.6955,-0.6964,0.85,0.85,0.85,0.85,Strongly Bearish,Very Strong
2024-06-28,4.36,3.0,1.36,1.3038,1.2871,1.2778,-0.7099,-0.703,-0.6991,-0.7032,0.85,0.85,0.85,0.85,Strongly Bearish,Very Strong
2024-07-01,4.48,2.9,1.58,1.3958,1.3403,1.3066,-0.7483,-0.7251,-0.7111,-0.7256,0.85,0.85,0.85,0.85,Strongly Bearish,Very Strong
2024-07-02,4.43,2.9,1.53,1.4406,1.3748,1.3279,-0.7669,-0.7395,-0.72,-0.7391,0.85,0.85,0.85,0.85,Strongly Bearish,Very Strong
2024-07-03,4.36,2.9,1.46,1.447,1.3903,1.3405,-0.7696,-0.746,-0.7252,-0.7445,0.85,0.85,0.85,0.85,Strongly Bearish,Very Strong
2024-07-04,4.36,2.9,1.46,1.4514,1.403,1.3519,-0.7714,-0.7512,-0.7299,-0.7489,0.85,0.85,0.85,0.85,Strongly Bearish,Very Strong
2024-07-05,4.28,2.9,1.38,1.4276,1.3988,1.3545,-0.7615,-0.7495,-0.7311,-0.7464,0.85,0.85,0.85,0.85,Strongly Bearish,Very Strong
2024-07-08,4.28,2.9,1.38,1.4117,1.3954,1.357,-0.7549,-0.7481,-0.7321,-0.7446,0.85,0.85,0.85,0.85,Strongly Bearish,Very Strong
2024-07-09,4.3,2.9,1.4,1.4078,1.3962,1.3611,-0.7533,-0.7484,-0.7338,-0.745,0.85,0.85,0.85,0.85,Strongly Bearish,Very Strong
2024-07-10,4.28,2.9,1.38,1.3985,1.3933,1.3629,-0.7494,-0.7472,-0.7345,-0.7438,0.85,0.85,0.85,0.85,Strongly Bearish,Very Strong
2024-07-11,4.2,2.9,1.3,1.3657,1.3763,1.3569,-0.7357,-0.7401,-0.732,-0.7368,0.85,0.85,0.85,0.85,Strongly Bearish,Very Strong
2024-07-12,4.18,2.9,1.28,1.3371,1.3588,1.3496,-0.7238,-0.7328,-0.729,-0.7299,0.85,0.85,0.85,0.85,Strongly Bearish,Very Strong
2024-07-15,4.23,2.9,1.33,1.3348,1.3536,1.3477,-0.7228,-0.7307,-0.7282,-0.7284,0.85,0.85,0.85,0.85,Strongly Bearish,Very Strong
2024-07-16,4.17,2.9,1.27,1.3132,1.3384,1.3403,-0.7138,-0.7243,-0.7251,-0.7225,0.85,0.85,0.85,0.85,Strongly Bearish,Very Strong
2024-07-17,4.16,2.9,1.26,1.2954,1.3241,1.3326,-0.7064,-0.7184,-0.7219,-0.7171,0.85,0.85,0.85,0.85,Strongly Bearish,Very Strong
2024-07-18,4.2,2.9,1.3,1.297,1.3197,1.3295,-0.7071,-0.7166,-0.7206,-0.7159,0.85,0.85,0.85,0.85,Strongly Bearish,Very Strong
2024-07-19,4.25,2.9,1.35,1.3146,1.3252,1.3315,-0.7144,-0.7188,-0.7215,-0.7187,0.85,0.85,0.85,0.85,Strongly Bearish,Very Strong
2024-07-22,4.26,2.9,1.36,1.3298,1.3316,1.3342,-0.7207,-0.7215,-0.7226,-0.7217,0.85,0.85,0.85,0.85,Strongly Bearish,Very Strong
2024-07-23,4.25,2.9,1.35,1.3365,1.3349,1.3357,-0.7235,-0.7229,-0.7232,-0.7231,0.85,0.85,0.85,0.85,Strongly Bearish,Very Strong
2024-07-24,4.28,2.9,1.38,1.351,1.3431,1.3399,-0.7296,-0.7263,-0.725,-0.7266,0.85,0.85,0.85,0.85,Strongly Bearish,Very Strong
2024-07-25,4.27,2.9,1.37,1.3573,1.348,1.3428,-0.7322,-0.7283,-0.7262,-0.7285,0.85,0.85,0.85,0.85,Strongly Bearish,Very Strong
2024-07-26,4.2,2.9,1.3,1.3382,1.3393,1.3387,-0.7243,-0.7247,-0.7245,-0.7245,0.85,0.85,0.85,0.85,Strongly Bearish,Very Strong
2024-07-29,4.17,2.9,1.27,1.3155,1.3267,1.3322,-0.7148,-0.7194,-0.7217,-0.7192,0.85,0.85,0.85,0.85,Strongly Bearish,Very Strong
2024-07-30,4.15,2.9,1.25,1.2937,1.3127,1.3243,-0.7057,-0.7136,-0.7185,-0.7135,0.85,0.85,0.85,0.85,Strongly Bearish,Very Strong
2024-07-31,4.09,2.9,1.19,1.2591,1.2904,1.3115,-0.6913,-0.7043,-0.7131,-0.7044,0.85,0.85,0.85,0.85,Strongly Bearish,Very Strong
2024-08-01,3.99,2.8,1.19,1.2361,1.2722,1.3,-0.6817,-0.6967,-0.7083,-0.6972,0.85,0.85,0.85,0.85,Strongly Bearish,Very Strong
2024-08-02,3.8,2.8,1.0,1.1574,1.2227,1.2714,-0.6489,-0.6761,-0.6964,-0.6768,0.85,0.85,0.85,0.85,Strongly Bearish,Very Strong
2024-08-05,3.78,2.8,0.98,1.0983,1.1786,1.2437,-0.6243,-0.6577,-0.6849,-0.6592,0.85,0.85,0.85,0.85,Strongly Bearish,Very Strong
2024-08-06,3.9,2.8,1.1,1.0988,1.1643,1.23,-0.6245,-0.6518,-0.6792,-0.6545,0.85,0.85,0.85,0.85,Strongly Bearish,Very Strong
2024-08-07,3.96,2.8,1.16,1.1192,1.1635,1.2233,-0.633,-0.6515,-0.6764,-0.6552,0.85,0.85,0.85,0.85,Strongly Bearish,Very Strong
2024-08-08,3.99,2.8,1.19,1.1428,1.1683,1.2201,-0.6428,-0.6535,-0.6751,-0.6578,0.85,0.85,0.85,0.85,Strongly Bearish,Very Strong
2024-08-09,3.94,2.8,1.14,1.1419,1.1632,1.2125,-0.6424,-0.6513,-0.6719,-0.6557,0.85,0.85,0.85,0.85,Strongly Bearish,Very Strong
2024-08-12,3.9,2.8,1.1,1.1279,1.1517,1.2018,-0.6366,-0.6465,-0.6674,-0.6508,0.85,0.85,0.85,0.85,Strongly Bearish,Very Strong
2024-08-13,3.85,2.8,1.05,1.1019,1.1332,1.1873,-0.6258,-0.6388,-0.6614,-0.643,0.85,0.85,0.85,0.85,Strongly Bearish,Very Strong
2024-08-14,3.83,2.8,1.03,1.078,1.1144,1.1723,-0.6158,-0.631,-0.6551,-0.6352,0.85,0.85,0.85,0.85,Strongly Bearish,Very Strong
2024-08-15,3.92,2.8,1.12,1.092,1.1154,1.1674,-0.6217,-0.6314,-0.6531,-0.636,0.85,0.85,0.85,0.85,Strongly Bearish,Very Strong
2024-08-16,3.89,2.8,1.09,1.0913,1.1108,1.16,-0.6214,-0.6295,-0.65,-0.634,0.85,0.85,0.85,0.85,Strongly Bearish,Very Strong
2024-08-19,3.86,2.8,1.06,1.0809,1.1016,1.1505,-0.617,-0.6257,-0.646,-0.63,0.85,0.85,0.85,0.85,Strongly Bearish,Very Strong
2024-08-20,3.82,2.8,1.02,1.0606,1.0867,1.138,-0.6086,-0.6195,-0.6409,-0.6237,0.85,0.85,0.85,0.85,Strongly Bearish,Very Strong
2024-08-21,3.79,2.8,0.99,1.0371,1.0692,1.1239,-0.5988,-0.6121,-0.635,-0.6163,0.85,0.85,0.85,0.85,Strongly Bearish,Very Strong
2024-08-22,3.86,2.8,1.06,1.0447,1.0675,1.1179,-0.602,-0.6115,-0.6324,-0.6159,0.85,0.85,0.85,0.85,Strongly Bearish,Very Strong
2024-08-23,3.81,2.8,1.01,1.0331,1.057,1.1076,-0.5971,-0.6071,-0.6282,-0.6114,0.85,0.85,0.85,0.85,Strongly Bearish,Very Strong
2024-08-26,3.82,2.8,1.02,1.0288,1.0503,1.0992,-0.5953,-0.6043,-0.6247,-0.6086,0.85,0.85,0.85,0.85,Strongly Bearish,Very Strong
2024-08-27,3.83,2.8,1.03,1.0292,1.0466,1.0926,-0.5955,-0.6028,-0.6219,-0.6071,0.85,0.85,0.85,0.85,Strongly Bearish,Very Strong
2024-08-28,3.84,2.8,1.04,1.0328,1.0454,1.0876,-0.597,-0.6023,-0.6198,-0.6065,0.85,0.85,0.85,0.85,Strongly Bearish,Very Strong
2024-08-29,3.87,2.8,1.07,1.0452,1.0499,1.086,-0.6022,-0.6041,-0.6191,-0.6082,0.85,0.85,0.85,0.85,Strongly Bearish,Very Strong
2024-08-30,3.91,2.8,1.11,1.0668,1.0608,1.0882,-0.6112,-0.6087,-0.6201,-0.6126,0.85,0.85,0.85,0.85,Strongly Bearish,Very Strong
2024-09-02,3.91,2.7,1.21,1.1145,1.0879,1.0998,-0.6311,-0.62,-0.6249,-0.6237,0.85,0.85,0.85,0.85,Strongly Bearish,Very Strong
2024-09-03,3.84,2.7,1.14,1.123,1.0974,1.1037,-0.6346,-0.6239,-0.6265,-0.6268,0.85,0.85,0.85,0.85,Strongly Bearish,Very Strong
2024-09-04,3.77,2.7,1.07,1.1053,1.0924,1.1005,-0.6272,-0.6218,-0.6252,-0.6239,0.85,0.85,0.85,0.85,Strongly Bearish,Very Strong
2024-09-05,3.73,2.7,1.03,1.0802,1.0811,1.0937,-0.6168,-0.6171,-0.6224,-0.6186,0.85,0.85,0.85,0.85,Strongly Bearish,Very Strong
2024-09-06,3.72,2.7,1.02,1.0602,1.07,1.0867,-0.6084,-0.6125,-0.6195,-0.6138,0.85,0.85,0.85,0.85,Strongly Bearish,Very Strong
2024-09-09,3.7,2.7,1.0,1.0401,1.0572,1.0785,-0.6,-0.6072,-0.616,-0.6084,0.85,0.85,0.85,0.85,Strongly Bearish,Very Strong
2024-09-10,3.65,2.7,0.95,1.0101,1.0377,1.0662,-0.5875,-0.5991,-0.6109,-0.6003,0.85,0.85,0.85,0.85,Strongly Bearish,Very Strong
2024-09-11,3.65,2.7,0.95,0.99,1.0218,1.0552,-0.5792,-0.5924,-0.6063,-0.5939,0.85,0.85,0.85,0.85,Bearish,Very Strong
2024-09-12,3.68,2.7,0.98,0.9867,1.0142,1.048,-0.5778,-0.5892,-0.6033,-0.5912,0.85,0.85,0.85,0.85,Bearish,Very Strong
2024-09-13,3.66,2.7,0.96,0.9778,1.0043,1.0396,-0.5741,-0.5851,-0.5998,-0.5873,0.85,0.85,0.85,0.85,Bearish,Very Strong
2024-09-16,3.63,2.7,0.93,0.9619,0.9908,1.0292,-0.5674,-0.5795,-0.5955,-0.5819,0.85,0.85,0.85,0.85,Bearish,Very Strong
2024-09-17,3.65,2.7,0.95,0.9579,0.9834,1.0216,-0.5658,-0.5764,-0.5924,-0.5791,0.85,0.85,0.85,0.85,Bearish,Very Strong
2024-09-18,3.7,2.7,1.0,0.9719,0.9864,1.0196,-0.5716,-0.5777,-0.5915,-0.5806,0.85,0.85,0.85,0.85,Bearish,Very Strong
2024-09-19,3.73,2.7,1.03,0.9913,0.9943,1.0206,-0.5797,-0.581,-0.5919,-0.584,0.85,0.85,0.85,0.85,Bearish,Very Strong
2024-09-20,3.73,2.7,1.03,1.0042,1.0008,1.0215,-0.5851,-0.5837,-0.5923,-0.5865,0.85,0.85,0.85,0.85,Bearish,Very Strong
2024-09-23,3.75,2.7,1.05,1.0195,1.0098,1.0242,-0.5914,-0.5874,-0.5934,-0.59,0.85,0.85,0.85,0.85,Bearish,Very Strong
2024-09-24,3.74,2.7,1.04,1.0263,1.0153,1.0257,-0.5943,-0.5897,-0.594,-0.5919,0.85,0.85,0.85,0.85,Bearish,Very Strong
2024-09-25,3.79,2.7,1.09,1.0475,1.0289,1.0318,-0.6031,-0.5954,-0.5966,-0.5973,0.85,0.85,0.85,0.85,Bearish,Very Strong
2024-09-26,3.79,2.7,1.09,1.0617,1.04,1.0374,-0.609,-0.6,-0.5989,-0.6015,0.85,0.85,0.85,0.85,Strongly Bearish,Very Strong
2024-09-27,3.75,2.7,1.05,1.0578,1.0418,1.0386,-0.6074,-0.6007,-0.5994,-0.6017,0.85,0.85,0.85,0.85,Strongly Bearish,Very Strong
2024-09-30,3.81,2.7,1.11,1.0752,1.0542,1.0454,-0.6147,-0.6059,-0.6022,-0.6066,0.85,0.85,0.85,0.85,Strongly Bearish,Very Strong
2024-10-01,3.74,2.7,1.04,1.0635,1.0516,1.0449,-0.6098,-0.6048,-0.602,-0.605,0.85,0.85,0.85,0.85,Strongly Bearish,Very Strong
2024-10-02,3.79,2.7,1.09,1.0723,1.0586,1.0492,-0.6135,-0.6077,-0.6038,-0.6077,0.85,0.85,0.85,0.85,Strongly Bearish,Very Strong
2024-10-03,3.85,2.7,1.15,1.0982,1.0752,1.0588,-0.6243,-0.6147,-0.6078,-0.6145,0.85,0.85,0.85,0.85,Strongly Bearish,Very Strong
2024-10-04,3.98,2.7,1.28,1.1588,1.1124,1.0798,-0.6495,-0.6302,-0.6166,-0.63,0.85,0.85,0.85,0.85,Strongly Bearish,Very Strong
2024-10-07,4.03,2.7,1.33,1.2159,1.152,1.1037,-0.6733,-0.6467,-0.6265,-0.6459,0.85,0.85,0.85,0.85,Strongly Bearish,Very Strong
2024-10-08,4.04,2.7,1.34,1.2572,1.1862,1.1262,-0.6905,-0.6609,-0.6359,-0.6593,0.85,0.85,0.85,0.85,Strongly Bearish,Very Strong
2024-10-09,4.06,2.7,1.36,1.2915,1.2178,1.1484,-0.7048,-0.6741,-0.6452,-0.6716,0.85,0.85,0.85,0.85,Strongly Bearish,Very Strong
2024-10-10,4.09,2.7,1.39,1.3243,1.2491,1.1714,-0.7185,-0.6871,-0.6548,-0.6837,0.85,0.85,0.85,0.85,Strongly Bearish,Very Strong
2024-10-11,4.08,2.7,1.38,1.3429,1.2729,1.1913,-0.7262,-0.697,-0.663,-0.6927,0.85,0.85,0.85,0.85,Strongly Bearish,Very Strong
2024-10-14,4.08,2.7,1.38,1.3553,1.2924,1.2093,-0.7314,-0.7052,-0.6705,-0.7,0.85,0.85,0.85,0.85,Strongly Bearish,Very Strong
2024-10-15,4.03,2.7,1.33,1.3468,1.2992,1.2208,-0.7278,-0.708,-0.6753,-0.7022,0.85,0.85,0.85,0.85,Strongly Bearish,Very Strong
2024-10-16,4.02,2.7,1.32,1.3379,1.303,1.2302,-0.7241,-0.7096,-0.6793,-0.7034,0.85,0.85,0.85,0.85,Strongly Bearish,Very Strong
2024-10-17,4.09,2.7,1.39,1.3553,1.3188,1.2454,-0.7314,-0.7162,-0.6856,-0.71,0.85,0.85,0.85,0.85,Strongly Bearish,Very Strong
2024-10-18,4.08,2.7,1.38,1.3635,1.3299,1.2583,-0.7348,-0.7208,-0.6909,-0.7146,0.85,0.85,0.85,0.85,Strongly Bearish,Very Strong
2024-10-21,4.19,2.7,1.49,1.4057,1.359,1.2803,-0.7524,-0.7329,-0.7001,-0.727,0.85,0.85,0.85,0.85,Strongly Bearish,Very Strong
2024-10-22,4.2,2.7,1.5,1.4371,1.3847,1.3012,-0.7655,-0.7436,-0.7089,-0.7376,0.85,0.85,0.85,0.85,Strongly Bearish,Very Strong
2024-10-23,4.24,2.7,1.54,1.4714,1.4129,1.324,-0.7798,-0.7554,-0.7183,-0.7491,0.85,0.85,0.85,0.85,Strongly Bearish,Very Strong
2024-10-24,4.21,2.7,1.51,1.4843,1.4306,1.3417,-0.7851,-0.7627,-0.7257,-0.7561,0.85,0.85,0.85,0.85,Strongly Bearish,Very Strong
2024-10-25,4.25,2.7,1.55,1.5062,1.4523,1.3615,-0.7942,-0.7718,-0.734,-0.7649,0.85,0.85,0.85,0.85,Strongly Bearish,Very Strong
2024-10-28,4.28,2.7,1.58,1.5308,1.4755,1.3823,-0.8045,-0.7815,-0.7426,-0.7744,0.85,0.85,0.85,0.85,Strongly Bearish,Very Strong
2024-10-29,4.28,2.7,1.58,1.5472,1.4945,1.4012,-0.8113,-0.7894,-0.7505,-0.7821,0.85,0.85,0.85,0.85,Strongly Bearish,Very Strong
2024-10-30,4.29,2.7,1.59,1.5615,1.5119,1.4192,-0.8173,-0.7966,-0.758,-0.7892,0.85,0.85,0.85,0.85,Strongly Bearish,Very Strong
2024-10-31,4.28,2.7,1.58,1.5676,1.5243,1.4345,-0.8199,-0.8018,-0.7644,-0.7942,0.85,0.85,0.85,0.85,Strongly Bearish,Very Strong
2024-11-01,4.37,2.6,1.77,1.6351,1.5689,1.4664,-0.848,-0.8204,-0.7777,-0.8131,0.85,0.85,0.85,0.85,Strongly Bearish,Very Strong
2024-11-04,4.31,2.6,1.71,1.6601,1.5946,1.4896,-0.8584,-0.8311,-0.7873,-0.8234,0.85,0.85,0.85,0.85,Strongly Bearish,Very Strong
2024-11-05,4.26,2.6,1.66,1.66,1.6065,1.5059,-0.8584,-0.836,-0.7941,-0.8279,0.85,0.85,0.85,0.85,Strongly Bearish,Very Strong
2024-11-06,4.42,2.6,1.82,1.7134,1.6453,1.5358,-0.8806,-0.8522,-0.8066,-0.8442,0.85,0.85,0.85,0.85,Strongly Bearish,Very Strong
2024-11-07,4.31,2.6,1.71,1.7122,1.6571,1.5524,-0.8801,-0.8571,-0.8135,-0.8486,0.85,0.85,0.85,0.85,Strongly Bearish,Very Strong
2024-11-08,4.3,2.6,1.7,1.7082,1.6649,1.5664,-0.8784,-0.8604,-0.8193,-0.8517,0.85,0.85,0.85,0.85,Strongly Bearish,Very Strong
2024-11-11,4.3,2.6,1.7,1.7054,1.6713,1.5791,-0.8773,-0.863,-0.8246,-0.8544,0.85,0.85,0.85,0.85,Strongly Bearish,Very Strong
2024-11-12,4.43,2.6,1.83,1.747,1.7001,1.603,-0.8946,-0.875,-0.8346,-0.8668,0.85,0.85,0.85,0.85,Strongly Bearish,Very Strong
2024-11-13,4.44,2.6,1.84,1.778,1.7256,1.6256,-0.9075,-0.8856,-0.844,-0.8775,0.85,0.85,0.85,0.85,Strongly Bearish,Very Strong
2024-11-14,4.43,2.6,1.83,1.7953,1.7445,1.6451,-0.9147,-0.8936,-0.8521,-0.8854,0.85,0.85,0.85,0.85,Strongly Bearish,Very Strong
2024-11-15,4.43,2.6,1.83,1.8069,1.7601,1.6627,-0.9195,-0.9,-0.8595,-0.8918,0.85,0.85,0.85,0.85,Strongly Bearish,Very Strong
2024-11-18,4.42,2.6,1.82,1.8113,1.771,1.6777,-0.9214,-0.9046,-0.8657,-0.8963,0.85,0.85,0.85,0.85,Strongly Bearish,Very Strong
2024-11-19,4.39,2.6,1.79,1.8042,1.7744,1.6884,-0.9184,-0.906,-0.8702,-0.8977,0.85,0.85,0.85,0.85,Strongly Bearish,Very Strong
2024-11-20,4.41,2.6,1.81,1.8061,1.7809,1.6999,-0.9192,-0.9087,-0.875,-0.9007,0.85,0.85,0.85,0.85,Strongly Bearish,Very Strong
2024-11-21,4.43,2.6,1.83,1.8141,1.7898,1.7123,-0.9225,-0.9124,-0.8801,-0.9048,0.85,0.85,0.85,0.85,Strongly Bearish,Very Strong
2024-11-22,4.41,2.6,1.81,1.8127,1.7935,1.7216,-0.922,-0.914,-0.884,-0.9066,0.85,0.85,0.85,0.85,Strongly Bearish,Very Strong
2024-11-25,4.27,2.6,1.67,1.7651,1.771,1.7167,-0.9021,-0.9046,-0.882,-0.8973,0.85,0.85,0.85,0.85,Strongly Bearish,Very Strong
2024-11-26,4.3,2.6,1.7,1.7434,1.7581,1.7151,-0.8931,-0.8992,-0.8813,-0.8926,0.85,0.85,0.85,0.85,Strongly Bearish,Very Strong
2024-11-27,4.25,2.6,1.65,1.7123,1.7385,1.7089,-0.8801,-0.891,-0.8787,-0.8852,0.85,0.85,0.85,0.85,Strongly Bearish,Very Strong
2024-11-28,4.25,2.6,1.65,1.6915,1.7224,1.7033,-0.8715,-0.8843,-0.8764,-0.8794,0.85,0.85,0.85,0.85,Strongly Bearish,Very Strong
2024-11-29,4.18,2.6,1.58,1.6543,1.6965,1.6916,-0.856,-0.8735,-0.8715,-0.8694,0.85,0.85,0.85,0.85,Strongly Bearish,Very Strong
2024-12-02,4.19,2.8,1.39,1.5662,1.6408,1.6628,-0.8193,-0.8503,-0.8595,-0.8469,0.85,0.85,0.85,0.85,Strongly Bearish,Very Strong
2024-12-03,4.23,2.8,1.43,1.5208,1.6024,1.6407,-0.8003,-0.8344,-0.8503,-0.8323,0.85,0.85,0.85,0.85,Strongly Bearish,Very Strong
2024-12-04,4.19,2.8,1.39,1.4772,1.5638,1.6168,-0.7822,-0.8183,-0.8403,-0.8177,0.85,0.85,0.85,0.85,Strongly Bearish,Very Strong
2024-12-05,4.17,2.8,1.37,1.4415,1.5286,1.5933,-0.7673,-0.8036,-0.8305,-0.8044,0.85,0.85,0.85,0.85,Strongly Bearish,Very Strong
2024-12-06,4.15,2.8,1.35,1.411,1.4961,1.5701,-0.7546,-0.79,-0.8209,-0.7922,0.85,0.85,0.85,0.85,Strongly Bearish,Very Strong
2024-12-09,4.2,2.8,1.4,1.4073,1.4786,1.5539,-0.7531,-0.7828,-0.8141,-0.7862,0.85,0.85,0.85,0.85,Strongly Bearish,Very Strong
2024-12-10,4.22,2.8,1.42,1.4115,1.468,1.5412,-0.7548,-0.7783,-0.8088,-0.7828,0.85,0.85,0.85,0.85,Strongly Bearish,Very Strong
2024-12-11,4.26,2.8,1.46,1.4277,1.4665,1.5334,-0.7615,-0.7777,-0.8056,-0.7828,0.85,0.85,0.85,0.85,Strongly Bearish,Very Strong
2024-12-12,4.32,2.8,1.52,1.4585,1.4762,1.5322,-0.7744,-0.7818,-0.8051,-0.7873,0.85,0.85,0.85,0.85,Strongly Bearish,Very Strong
2024-12-13,4.4,2.8,1.6,1.5056,1.4987,1.5386,-0.794,-0.7911,-0.8078,-0.7967,0.85,0.85,0.85,0.85,Strongly Bearish,Very Strong
2024-12-16,4.39,2.8,1.59,1.5338,1.5153,1.5435,-0.8057,-0.7981,-0.8098,-0.8031,0.85,0.85,0.85,0.85,Strongly Bearish,Very Strong
2024-12-17,4.4,2.8,1.6,1.5558,1.5307,1.5489,-0.8149,-0.8045,-0.812,-0.8088,0.85,0.85,0.85,0.85,Strongly Bearish,Very Strong
2024-12-18,4.5,2.8,1.7,1.6039,1.5615,1.5633,-0.835,-0.8173,-0.818,-0.821,0.85,0.85,0.85,0.85,Strongly Bearish,Very Strong
2024-12-19,4.57,2.8,1.77,1.6593,1.5994,1.583,-0.858,-0.8331,-0.8262,-0.836,0.85,0.85,0.85,0.85,Strongly Bearish,Very Strong
2024-12-20,4.52,2.8,1.72,1.6795,1.6213,1.596,-0.8665,-0.8422,-0.8317,-0.8439,0.85,0.85,0.85,0.85,Strongly Bearish,Very Strong
2024-12-23,4.59,2.8,1.79,1.7163,1.652,1.6145,-0.8818,-0.855,-0.8394,-0.8557,0.85,0.85,0.85,0.85,Strongly Bearish,Very Strong
2024-12-24,4.59,2.8,1.79,1.7409,1.6771,1.6312,-0.892,-0.8655,-0.8463,-0.865,0.85,0.85,0.85,0.85,Strongly Bearish,Very Strong
2024-12-25,4.59,2.8,1.79,1.7573,1.6976,1.6463,-0.8989,-0.874,-0.8526,-0.8726,0.85,0.85,0.85,0.85,Strongly Bearish,Very Strong
2024-12-26,4.58,2.8,1.78,1.7648,1.7126,1.6591,-0.902,-0.8803,-0.8579,-0.8779,0.85,0.85,0.85,0.85,Strongly Bearish,Very Strong
2024-12-27,4.62,2.8,1.82,1.7832,1.7321,1.6744,-0.9097,-0.8884,-0.8643,-0.8854,0.85,0.85,0.85,0.85,Strongly Bearish,Very Strong
2024-12-30,4.55,2.8,1.75,1.7722,1.7354,1.6816,-0.9051,-0.8897,-0.8673,-0.8861,0.85,0.85,0.85,0.85,Strongly Bearish,Very Strong
2024-12-31,4.58,2.8,1.78,1.7748,1.7435,1.691,-0.9062,-0.8931,-0.8712,-0.8892,0.85,0.85,0.85,0.85,Strongly Bearish,Very Strong
2025-01-01,4.58,3.3,1.28,1.6098,1.6592,1.6518,-0.8374,-0.858,-0.8549,-0.853,0.85,0.85,0.85,0.85,Strongly Bearish,Very Strong
2025-01-02,4.57,3.3,1.27,1.4966,1.5885,1.6155,-0.7902,-0.8285,-0.8398,-0.8242,0.85,0.85,0.85,0.85,Strongly Bearish,Very Strong
2025-01-03,4.6,3.3,1.3,1.431,1.536,1.5854,-0.7629,-0.8067,-0.8273,-0.8041,0.85,0.85,0.85,0.85,Strongly Bearish,Very Strong
2025-01-06,4.62,3.3,1.32,1.394,1.4967,1.5601,-0.7475,-0.7903,-0.8167,-0.7897,0.85,0.85,0.85,0.85,Strongly Bearish,Very Strong
2025-01-07,4.67,3.3,1.37,1.386,1.4737,1.542,-0.7442,-0.7807,-0.8092,-0.7819,0.85,0.85,0.85,0.85,Strongly Bearish,Very Strong
2025-01-08,4.67,3.3,1.37,1.3807,1.4548,1.5256,-0.7419,-0.7728,-0.8024,-0.7755,0.85,0.85,0.85,0.85,Strongly Bearish,Very Strong
2025-01-09,4.68,3.3,1.38,1.3805,1.4412,1.5118,-0.7419,-0.7672,-0.7966,-0.7709,0.85,0.85,0.85,0.85,Strongly Bearish,Very Strong
2025-01-10,4.77,3.3,1.47,1.4103,1.4465,1.5078,-0.7543,-0.7694,-0.7949,-0.774,0.85,0.85,0.85,0.85,Strongly Bearish,Very Strong
2025-01-13,4.79,3.3,1.49,1.4369,1.4544,1.5061,-0.7654,-0.7727,-0.7942,-0.7777,0.85,0.85,0.85,0.85,Strongly Bearish,Very Strong
2025-01-14,4.78,3.3,1.48,1.4512,1.459,1.5036,-0.7714,-0.7746,-0.7932,-0.7795,0.85,0.85,0.85,0.85,Strongly Bearish,Very Strong
2025-01-15,4.66,3.3,1.36,1.4208,1.441,1.4899,-0.7587,-0.7671,-0.7875,-0.7715,0.85,0.85,0.85,0.85,Strongly Bearish,Very Strong
2025-01-16,4.61,3.3,1.31,1.3839,1.4172,1.4728,-0.7433,-0.7572,-0.7803,-0.7613,0.85,0.85,0.85,0.85,Strongly Bearish,Very Strong
2025-01-17,4.61,3.3,1.31,1.3593,1.3977,1.4573,-0.733,-0.749,-0.7739,-0.7533,0.85,0.85,0.85,0.85,Strongly Bearish,Very Strong
2025-01-20,4.61,3.3,1.31,1.3428,1.3818,1.4433,-0.7262,-0.7424,-0.768,-0.7468,0.85,0.85,0.85,0.85,Strongly Bearish,Very Strong
2025-01-21,4.57,3.3,1.27,1.3186,1.3614,1.4268,-0.7161,-0.7339,-0.7612,-0.7385,0.85,0.85,0.85,0.85,Strongly Bearish,Very Strong
2025-01-22,4.6,3.3,1.3,1.3124,1.3503,1.4147,-0.7135,-0.7293,-0.7561,-0.7342,0.85,0.85,0.85,0.85,Strongly Bearish,Very Strong
2025-01-23,4.65,3.3,1.35,1.3249,1.3502,1.4085,-0.7187,-0.7293,-0.7536,-0.7344,0.85,0.85,0.85,0.85,Strongly Bearish,Very Strong
2025-01-24,4.63,3.3,1.33,1.3266,1.3465,1.4011,-0.7194,-0.7277,-0.7504,-0.7329,0.85,0.85,0.85,0.85,Strongly Bearish,Very Strong
2025-01-27,4.53,3.3,1.23,1.2944,1.3254,1.3848,-0.706,-0.7189,-0.7437,-0.7237,0.85,0.85,0.85,0.85,Strongly Bearish,Very Strong
2025-01-28,4.55,3.3,1.25,1.2796,1.3117,1.3719,-0.6998,-0.7132,-0.7383,-0.7181,0.85,0.85,0.85,0.85,Strongly Bearish,Very Strong
2025-01-29,4.55,3.3,1.25,1.2697,1.3004,1.3603,-0.6957,-0.7085,-0.7335,-0.7134,0.85,0.85,0.85,0.85,Strongly Bearish,Very Strong
2025-01-30,4.52,3.3,1.22,1.2532,1.2858,1.347,-0.6888,-0.7024,-0.7279,-0.7073,0.85,0.85,0.85,0.85,Strongly Bearish,Very Strong
2025-01-31,4.58,3.3,1.28,1.2621,1.2848,1.3406,-0.6925,-0.702,-0.7252,-0.7071,0.85,0.85,0.85,0.85,Strongly Bearish,Very Strong
2025-02-03,4.54,4.3,0.24,0.9214,1.0948,1.2358,-0.5506,-0.6228,-0.6816,-0.626,0.85,0.85,0.85,0.85,Strongly Bearish,Very Strong
2025-02-04,4.52,4.3,0.22,0.6876,0.9357,1.139,-0.3876,-0.5566,-0.6413,-0.5482,0.75,0.85,0.85,0.83,Bearish,Very Strong
2025-02-05,4.43,4.3,0.13,0.5017,0.7892,1.0429,-0.2017,-0.4892,-0.6012,-0.4653,0.75,0.75,0.85,0.78,Bearish,Strong
2025-02-06,4.45,4.3,0.15,0.3845,0.673,0.9579,-0.0845,-0.373,-0.5658,-0.3731,0.75,0.75,0.85,0.78,Bearish,Strong
2025-02-07,4.49,4.3,0.19,0.3197,0.5852,0.8848,-0.0197,-0.2852,-0.5353,-0.3071,0.75,0.75,0.85,0.78,Bearish,Strong
2025-02-10,4.51,4.3,0.21,0.2831,0.517,0.8205,0.0042,-0.217,-0.5085,-0.2602,0.35,0.75,0.85,0.7,Bearish,Strong
2025-02-11,4.54,4.3,0.24,0.2687,0.4666,0.7652,0.0078,-0.1666,-0.4652,-0.2213,0.35,0.75,0.75,0.67,Bearish,Strong
2025-02-12,4.62,4.3,0.32,0.2858,0.44,0.7228,0.0035,-0.14,-0.4228,-0.1961,0.35,0.75,0.75,0.67,Neutral,Strong
2025-02-13,4.52,4.3,0.22,0.2639,0.4,0.6749,0.009,-0.1,-0.3749,-0.1607,0.35,0.75,0.75,0.67,Neutral,Strong
2025-02-14,4.47,4.3,0.17,0.2326,0.3582,0.6268,0.0169,-0.0582,-0.3268,-0.1238,0.35,0.75,0.75,0.67,Neutral,Strong
2025-02-17,4.47,4.3,0.17,0.2117,0.3239,0.5833,0.0221,-0.0239,-0.2833,-0.0926,0.35,0.75,0.75,0.67,Neutral,Strong
2025-02-18,4.55,4.3,0.25,0.2245,0.3105,0.5516,0.0189,-0.0105,-0.2516,-0.0769,0.35,0.75,0.75,0.67,Neutral,Strong
2025-02-19,4.53,4.3,0.23,0.2263,0.2959,0.521,0.0184,0.001,-0.221,-0.0621,0.35,0.35,0.75,0.47,Neutral,Medium
2025-02-20,4.5,4.3,0.2,0.2175,0.2784,0.4904,0.0206,0.0054,-0.1904,-0.0503,0.35,0.35,0.75,0.47,Neutral,Medium
2025-02-21,4.42,4.3,0.12,0.185,0.2496,0.4551,0.0287,0.0126,-0.1551,-0.0345,0.35,0.35,0.75,0.47,Neutral,Medium
2025-02-24,4.4,4.3,0.1,0.1567,0.2224,0.4213,0.0358,0.0194,-0.1213,-0.0195,0.35,0.35,0.75,0.47,Neutral,Medium
2025-02-25,4.3,4.3,0.0,0.1045,0.182,0.3812,0.0489,0.0295,-0.0812,0.0002,0.35,0.35,0.75,0.47,Neutral,Medium
2025-02-26,4.25,4.3,-0.05,0.053,0.1398,0.3401,0.0382,0.04,-0.0401,0.0156,0.35,0.35,0.75,0.47,Neutral,Medium
2025-02-27,4.29,4.3,-0.01,0.032,0.1126,0.3068,0.033,0.0469,-0.0068,0.028,0.35,0.35,0.75,0.47,Neutral,Medium
2025-02-28,4.24,4.3,-0.06,0.0013,0.0812,0.2718,0.0253,0.0453,0.007,0.0298,0.35,0.35,0.35,0.35,Neutral,Weak
2025-03-03,4.16,5.0,-0.84,-0.2791,-0.0863,0.1659,0.4478,0.0034,0.0335,0.1013,0.75,0.35,0.35,0.43,Neutral,Medium
2025-03-04,4.22,5.0,-0.78,-0.4461,-0.2124,0.0759,0.6043,0.2811,0.044,0.2746,0.85,0.75,0.35,0.65,Bullish,Strong
2025-03-05,4.28,5.0,-0.72,-0.5374,-0.3047,0.0001,0.6696,0.5034,0.025,0.3931,0.85,0.85,0.35,0.7,Bullish,Strong
2025-03-06,4.29,5.0,-0.71,-0.5949,-0.3784,-0.0676,0.7107,0.556,0.0081,0.4226,0.85,0.85,0.35,0.7,Bullish,Strong
2025-03-07,4.32,5.0,-0.68,-0.6233,-0.4332,-0.1259,0.7309,0.5952,0.0647,0.4632,0.85,0.85,0.75,0.82,Bullish,Very Strong
2025-03-10,4.22,5.0,-0.78,-0.6755,-0.4963,-0.1882,0.7682,0.6402,0.2205,0.5399,0.85,0.85,0.75,0.82,Bullish,Very Strong
2025-03-11,4.28,5.0,-0.72,-0.6903,-0.537,-0.2388,0.7788,0.6693,0.3471,0.5945,0.85,0.85,0.75,0.82,Bullish,Very Strong
2025-03-12,4.32,5.0,-0.68,-0.6869,-0.563,-0.2809,0.7764,0.6878,0.4521,0.6348,0.85,0.85,0.75,0.82,Strongly Bullish,Very Strong
2025-03-13,4.27,5.0,-0.73,-0.7013,-0.5933,-0.3236,0.7866,0.7095,0.5169,0.6672,0.85,0.85,0.85,0.85,Strongly Bullish,Very Strong
2025-03-14,4.31,5.0,-0.69,-0.6975,-0.6109,-0.3585,0.7839,0.7221,0.5418,0.6804,0.85,0.85,0.85,0.85,Strongly Bullish,Very Strong
2025-03-17,4.31,5.0,-0.69,-0.695,-0.6253,-0.3901,0.7821,0.7324,0.5644,0.6919,0.85,0.85,0.85,0.85,Strongly Bullish,Very Strong
2025-03-18,4.29,5.0,-0.71,-0.7,-0.6407,-0.4206,0.7857,0.7434,0.5861,0.7047,0.85,0.85,0.85,0.85,Strongly Bullish,Very Strong
2025-03-19,4.25,5.0,-0.75,-0.7167,-0.6606,-0.4519,0.7976,0.7575,0.6085,0.7209,0.85,0.85,0.85,0.85,Strongly Bullish,Very Strong
2025-03-20,4.24,5.0,-0.76,-0.7311,-0.6786,-0.4813,0.8079,0.7705,0.6295,0.7357,0.85,0.85,0.85,0.85,Strongly Bullish,Very Strong
2025-03-21,4.25,5.0,-0.75,-0.7374,-0.6916,-0.5069,0.8124,0.7797,0.6478,0.7467,0.85,0.85,0.85,0.85,Strongly Bullish,Very Strong
2025-03-24,4.34,5.0,-0.66,-0.7116,-0.6859,-0.5215,0.794,0.7756,0.6582,0.7441,0.85,0.85,0.85,0.85,Strongly Bullish,Very Strong
2025-03-25,4.31,5.0,-0.69,-0.7044,-0.6866,-0.5375,0.7889,0.7762,0.6696,0.7467,0.85,0.85,0.85,0.85,Strongly Bullish,Very Strong
2025-03-26,4.35,5.0,-0.65,-0.6863,-0.68,-0.5482,0.7759,0.7714,0.6773,0.7441,0.85,0.85,0.85,0.85,Strongly Bullish,Very Strong
2025-03-27,4.38,5.0,-0.62,-0.6642,-0.6691,-0.5551,0.7601,0.7636,0.6822,0.7385,0.85,0.85,0.85,0.85,Strongly Bullish,Very Strong
2025-03-28,4.27,5.0,-0.73,-0.6861,-0.6801,-0.5717,0.7758,0.7715,0.6941,0.7491,0.85,0.85,0.85,0.85,Strongly Bullish,Very Strong
2025-03-31,4.23,5.0,-0.77,-0.7141,-0.6965,-0.5906,0.7958,0.7832,0.7076,0.763,0.85,0.85,0.85,0.85,Strongly Bullish,Very Strong
2025-04-01,4.17,6.5,-2.33,-1.2527,-0.9935,-0.7563,1.0,0.9953,0.8259,0.9454,0.95,0.85,0.85,0.87,Strongly Bullish,Very Strong
2025-04-02,4.2,6.5,-2.3,-1.6018,-1.231,-0.9033,1.0,1.0,0.9309,0.9793,0.95,0.95,0.85,0.92,Strongly Bullish,Very Strong
2025-04-03,4.06,6.5,-2.44,-1.8812,-1.4508,-1.0496,1.0,1.0,1.0,1.0,0.95,0.95,0.95,0.95,Strongly Bullish,Very Strong
2025-04-04,4.01,6.5,-2.49,-2.0841,-1.6398,-1.1868,1.0,1.0,1.0,1.0,0.95,0.95,0.95,0.95,Strongly Bullish,Very Strong
2025-04-07,4.15,6.5,-2.35,-2.1728,-1.7689,-1.2976,1.0,1.0,1.0,1.0,0.95,0.95,0.95,0.95,Strongly Bullish,Very Strong
2025-04-08,4.26,6.5,-2.24,-2.1952,-1.8546,-1.3873,1.0,1.0,1.0,1.0,0.95,0.95,0.95,0.95,Strongly Bullish,Very Strong
2025-04-09,4.34,6.5,-2.16,-2.1834,-1.9101,-1.4609,1.0,1.0,1.0,1.0,0.95,0.95,0.95,0.95,Strongly Bullish,Very Strong
2025-04-10,4.4,6.5,-2.1,-2.1556,-1.9446,-1.5218,1.0,1.0,1.0,1.0,0.95,0.95,0.95,0.95,Strongly Bullish,Very Strong
2025-04-11,4.48,6.5,-2.02,-2.1104,-1.9583,-1.5692,1.0,1.0,1.0,1.0,0.95,0.95,0.95,0.95,Strongly Bullish,Very Strong
2025-04-14,4.38,6.5,-2.12,-2.1136,-1.9877,-1.6217,1.0,1.0,1.0,1.0,0.95,0.95,0.95,0.95,Strongly Bullish,Very Strong
2025-04-15,4.35,6.5,-2.15,-2.1257,-2.0172,-1.672,1.0,1.0,1.0,1.0,0.95,0.95,0.95,0.95,Strongly Bullish,Very Strong
2025-04-16,4.29,6.5,-2.21,-2.1538,-2.0523,-1.7232,1.0,1.0,1.0,1.0,0.95,0.95,0.95,0.95,Strongly Bullish,Very Strong
2025-04-17,4.34,6.5,-2.16,-2.1559,-2.0719,-1.7648,1.0,1.0,1.0,1.0,0.95,0.95,0.95,0.95,Strongly Bullish,Very Strong
2025-04-18,4.34,6.5,-2.16,-2.1573,-2.0879,-1.8025,1.0,1.0,1.0,1.0,0.95,0.95,0.95,0.95,Strongly Bullish,Very Strong
2025-04-21,4.42,6.5,-2.08,-2.1315,-2.0865,-1.8289,1.0,1.0,1.0,1.0,0.95,0.95,0.95,0.95,Strongly Bullish,Very Strong
2025-04-22,4.41,6.5,-2.09,-2.1177,-2.0871,-1.8538,1.0,1.0,1.0,1.0,0.95,0.95,0.95,0.95,Strongly Bullish,Very Strong
2025-04-23,4.4,6.5,-2.1,-2.1118,-2.0894,-1.8772,1.0,1.0,1.0,1.0,0.95,0.95,0.95,0.95,Strongly Bullish,Very Strong
2025-04-24,4.32,6.5,-2.18,-2.1345,-2.1059,-1.9061,1.0,1.0,1.0,1.0,0.95,0.95,0.95,0.95,Strongly Bullish,Very Strong
2025-04-25,4.29,6.5,-2.21,-2.1597,-2.1248,-1.935,1.0,1.0,1.0,1.0,0.95,0.95,0.95,0.95,Strongly Bullish,Very Strong
2025-04-28,4.23,6.5,-2.27,-2.1965,-2.1512,-1.9669,1.0,1.0,1.0,1.0,0.95,0.95,0.95,0.95,Strongly Bullish,Very Strong
2025-04-29,4.19,6.5,-2.31,-2.2343,-2.1801,-1.9996,1.0,1.0,1.0,1.0,0.95,0.95,0.95,0.95,Strongly Bullish,Very Strong
2025-04-30,4.17,6.5,-2.33,-2.2662,-2.2074,-2.0311,1.0,1.0,1.0,1.0,0.95,0.95,0.95,0.95,Strongly Bullish,Very Strong
2025-05-01,4.25,6.6,-2.35,-2.2941,-2.2333,-2.0614,1.0,1.0,1.0,1.0,0.95,0.95,0.95,0.95,Strongly Bullish,Very Strong
2025-05-02,4.33,6.6,-2.27,-2.2861,-2.24,-2.0813,1.0,1.0,1.0,1.0,0.95,0.95,0.95,0.95,Strongly Bullish,Very Strong
2025-05-05,4.36,6.6,-2.24,-2.2707,-2.24,-2.0964,1.0,1.0,1.0,1.0,0.95,0.95,0.95,0.95,Strongly Bullish,Very Strong
2025-05-06,4.3,6.6,-2.3,-2.2805,-2.2509,-2.1158,1.0,1.0,1.0,1.0,0.95,0.95,0.95,0.95,Strongly Bullish,Very Strong
2025-05-07,4.26,6.6,-2.34,-2.3003,-2.2671,-2.1372,1.0,1.0,1.0,1.0,0.95,0.95,0.95,0.95,Strongly Bullish,Very Strong
2025-05-08,4.37,6.6,-2.23,-2.2769,-2.2603,-2.146,1.0,1.0,1.0,1.0,0.95,0.95,0.95,0.95,Strongly Bullish,Very Strong
2025-05-09,4.37,6.6,-2.23,-2.2613,-2.2548,-2.154,1.0,1.0,1.0,1.0,0.95,0.95,0.95,0.95,Strongly Bullish,Very Strong
2025-05-12,4.45,6.6,-2.15,-2.2242,-2.2358,-2.1536,1.0,1.0,1.0,1.0,0.95,0.95,0.95,0.95,Strongly Bullish,Very Strong
2025-05-13,4.49,6.6,-2.11,-2.1861,-2.2129,-2.1495,1.0,1.0,1.0,1.0,0.95,0.95,0.95,0.95,Strongly Bullish,Very Strong
2025-05-14,4.53,6.6,-2.07,-2.1474,-2.1869,-2.1419,1.0,1.0,1.0,1.0,0.95,0.95,0.95,0.95,Strongly Bullish,Very Strong
2025-05-15,4.45,6.6,-2.15,-2.1483,-2.1802,-2.1427,1.0,1.0,1.0,1.0,0.95,0.95,0.95,0.95,Strongly Bullish,Very Strong
2025-05-16,4.43,6.6,-2.17,-2.1555,-2.1784,-2.1453,1.0,1.0,1.0,1.0,0.95,0.95,0.95,0.95,Strongly Bullish,Very Strong
2025-05-19,4.46,6.6,-2.14,-2.1503,-2.1714,-2.1448,1.0,1.0,1.0,1.0,0.95,0.95,0.95,0.95,Strongly Bullish,Very Strong
2025-05-20,4.48,6.6,-2.12,-2.1402,-2.162,-2.1424,1.0,1.0,1.0,1.0,0.95,0.95,0.95,0.95,Strongly Bullish,Very Strong
2025-05-21,4.58,6.6,-2.02,-2.1002,-2.1362,-2.1307,1.0,1.0,1.0,1.0,0.95,0.95,0.95,0.95,Strongly Bullish,Very Strong
2025-05-22,4.54,6.6,-2.06,-2.0868,-2.1224,-2.124,1.0,1.0,1.0,1.0,0.95,0.95,0.95,0.95,Strongly Bullish,Very Strong
2025-05-23,4.51,6.6,-2.09,-2.0878,-2.1165,-2.1208,1.0,1.0,1.0,1.0,0.95,0.95,0.95,0.95,Strongly Bullish,Very Strong
2025-05-26,4.51,6.6,-2.09,-2.0886,-2.1117,-2.1178,1.0,1.0,1.0,1.0,0.95,0.95,0.95,0.95,Strongly Bullish,Very Strong
2025-05-27,4.43,6.6,-2.17,-2.1157,-2.1223,-2.1228,1.0,1.0,1.0,1.0,0.95,0.95,0.95,0.95,Strongly Bullish,Very Strong
2025-05-28,4.47,6.6,-2.13,-2.1205,-2.1237,-2.1235,1.0,1.0,1.0,1.0,0.95,0.95,0.95,0.95,Strongly Bullish,Very Strong
2025-05-29,4.43,6.6,-2.17,-2.137,-2.1321,-2.1279,1.0,1.0,1.0,1.0,0.95,0.95,0.95,0.95,Strongly Bullish,Very Strong
2025-05-30,4.41,6.6,-2.19,-2.1547,-2.1426,-2.1338,1.0,1.0,1.0,1.0,0.95,0.95,0.95,0.95,Strongly Bullish,Very Strong
2025-06-02,4.46,5.0,-0.54,-1.6164,-1.8512,-1.982,1.0,1.0,1.0,1.0,0.95,0.95,0.95,0.95,Strongly Bullish,Very Strong
2025-06-03,4.46,5.0,-0.54,-1.2576,-1.6128,-1.8447,1.0,1.0,1.0,1.0,0.95,0.95,0.95,0.95,Strongly Bullish,Very Strong
2025-06-04,4.37,5.0,-0.63,-1.0484,-1.4341,-1.729,1.0,1.0,1.0,1.0,0.95,0.95,0.95,0.95,Strongly Bullish,Very Strong
2025-06-05,4.4,5.0,-0.6,-0.8989,-1.2825,-1.6215,0.9278,1.0,1.0,0.9856,0.85,0.95,0.95,0.93,Strongly Bullish,Very Strong
2025-06-06,4.51,5.0,-0.49,-0.7626,-1.1384,-1.5137,0.8304,1.0,1.0,0.9661,0.85,0.95,0.95,0.93,Strongly Bullish,Very Strong
2025-06-09,4.49,5.0,-0.51,-0.6784,-1.0241,-1.4181,0.7703,1.0,1.0,0.9541,0.85,0.95,0.95,0.93,Strongly Bullish,Very Strong
2025-06-10,4.47,5.0,-0.53,-0.6289,-0.9343,-1.3336,0.735,0.9531,1.0,0.9235,0.85,0.85,0.95,0.88,Strongly Bullish,Very Strong
2025-06-11,4.41,5.0,-0.59,-0.616,-0.8717,-1.2627,0.7257,0.9084,1.0,0.8993,0.85,0.85,0.95,0.88,Strongly Bullish,Very Strong
2025-06-12,4.36,5.0,-0.64,-0.624,-0.8296,-1.2034,0.7314,0.8783,1.0,0.8854,0.85,0.85,0.95,0.88,Strongly Bullish,Very Strong
2025-06-13,4.41,5.0,-0.59,-0.6127,-0.786,-1.145,0.7233,0.8471,1.0,0.8682,0.85,0.85,0.95,0.88,Strongly Bullish,Very Strong
2025-06-16,4.46,5.0,-0.54,-0.5884,-0.7413,-1.0874,0.706,0.8152,1.0,0.8488,0.85,0.85,0.95,0.88,Strongly Bullish,Very Strong
2025-06-17,4.39,5.0,-0.61,-0.5956,-0.7174,-1.0419,0.7112,0.7982,1.0,0.8413,0.85,0.85,0.95,0.88,Strongly Bullish,Very Strong
2025-06-18,4.38,5.0,-0.62,-0.6037,-0.6997,-1.0017,0.717,0.7855,1.0,0.8361,0.85,0.85,0.95,0.88,Strongly Bullish,Very Strong
2025-06-19,4.38,5.0,-0.62,-0.6092,-0.6852,-0.9654,0.7208,0.7751,0.9753,0.8243,0.85,0.85,0.85,0.85,Strongly Bullish,Very Strong
2025-06-20,4.38,5.0,-0.62,-0.6128,-0.6734,-0.9325,0.7234,0.7667,0.9518,0.8136,0.85,0.85,0.85,0.85,Strongly Bullish,Very Strong
2025-06-23,4.34,5.0,-0.66,-0.6285,-0.6709,-0.9065,0.7347,0.7649,0.9332,0.8094,0.85,0.85,0.85,0.85,Strongly Bullish,Very Strong
2025-06-24,4.3,5.0,-0.7,-0.6523,-0.6762,-0.8869,0.7517,0.7687,0.9192,0.8105,0.85,0.85,0.85,0.85,Strongly Bullish,Very Strong
2025-06-25,4.29,5.0,-0.71,-0.6716,-0.6824,-0.87,0.7654,0.7731,0.9072,0.8118,0.85,0.85,0.85,0.85,Strongly Bullish,Very Strong
2025-06-26,4.26,5.0,-0.74,-0.6944,-0.6928,-0.8576,0.7817,0.7806,0.8983,0.8161,0.85,0.85,0.85,0.85,Strongly Bullish,Very Strong
2025-06-27,4.29,5.0,-0.71,-0.6996,-0.696,-0.8436,0.7854,0.7828,0.8883,0.815,0.85,0.85,0.85,0.85,Strongly Bullish,Very Strong
2025-06-30,4.24,5.0,-0.76,-0.7197,-0.7076,-0.8356,0.7998,0.7911,0.8826,0.8203,0.85,0.85,0.85,0.85,Strongly Bullish,Very Strong
2025-07-01,4.26,4.5,-0.24,-0.5598,-0.6226,-0.7789,0.6856,0.7304,0.8421,0.7549,0.85,0.85,0.85,0.85,Strongly Bullish,Very Strong
2025-07-02,4.3,4.5,-0.2,-0.4399,-0.5457,-0.7238,0.5999,0.6755,0.8027,0.6986,0.85,0.85,0.85,0.85,Strongly Bullish,Very Strong
2025-07-03,4.35,4.5,-0.15,-0.3433,-0.4738,-0.6691,0.5309,0.6241,0.7637,0.6473,0.85,0.85,0.85,0.85,Strongly Bullish,Very Strong
2025-07-04,4.35,4.5,-0.15,-0.2788,-0.4149,-0.6197,0.4471,0.5821,0.7283,0.599,0.75,0.85,0.85,0.83,Bullish,Very Strong
2025-07-07,4.4,4.5,-0.1,-0.2192,-0.3577,-0.5702,0.2981,0.5412,0.693,0.5381,0.75,0.85,0.85,0.83,Bullish,Very Strong
2025-07-08,4.42,4.5,-0.08,-0.1728,-0.3072,-0.5235,0.182,0.5051,0.6596,0.4869,0.75,0.85,0.85,0.83,Bullish,Very Strong
2025-07-09,4.34,4.5,-0.16,-0.1685,-0.2804,-0.4889,0.1714,0.451,0.6349,0.4503,0.75,0.75,0.85,0.78,Bullish,Strong
2025-07-10,4.35,4.5,-0.15,-0.1624,-0.2567,-0.4566,0.1559,0.3918,0.6119,0.4106,0.75,0.75,0.85,0.78,Bullish,Strong
2025-07-11,4.43,4.5,-0.07,-0.1316,-0.2228,-0.4198,0.0789,0.3069,0.5856,0.3449,0.75,0.75,0.85,0.78,Bullish,Strong
2025-07-14,4.43,4.5,-0.07,-0.111,-0.195,-0.3865,0.0276,0.2375,0.5618,0.2928,0.75,0.75,0.85,0.78,Bullish,Strong
2025-07-15,4.5,4.5,0.0,-0.074,-0.1595,-0.3497,0.0065,0.1488,0.5355,0.2364,0.35,0.75,0.85,0.7,Bullish,Strong
2025-07-16,4.46,4.5,-0.04,-0.0627,-0.1378,-0.3202,0.0093,0.0945,0.5144,0.2034,0.35,0.75,0.85,0.7,Bullish,Strong
2025-07-17,4.47,4.5,-0.03,-0.0518,-0.1182,-0.2925,0.0121,0.0455,0.4813,0.1696,0.35,0.75,0.75,0.67,Neutral,Strong
2025-07-18,4.44,4.5,-0.06,-0.0545,-0.1076,-0.2704,0.0114,0.019,0.426,0.1396,0.35,0.75,0.75,0.67,Neutral,Strong
2025-07-21,4.38,4.5,-0.12,-0.0764,-0.1099,-0.2561,0.0059,0.0247,0.3902,0.1306,0.35,0.75,0.75,0.67,Neutral,Strong
2025-07-22,4.35,4.5,-0.15,-0.1009,-0.1172,-0.246,0.0023,0.0429,0.3649,0.1314,0.75,0.75,0.75,0.75,Neutral,Strong
2025-07-23,4.4,4.5,-0.1,-0.1006,-0.114,-0.2321,0.0015,0.0351,0.3302,0.1169,0.75,0.75,0.75,0.75,Neutral,Strong
2025-07-24,4.43,4.5,-0.07,-0.0904,-0.106,-0.2166,0.0024,0.0151,0.2916,0.0955,0.35,0.75,0.75,0.67,Neutral,Strong
2025-07-25,4.4,4.5,-0.1,-0.0936,-0.1049,-0.2055,0.0016,0.0123,0.2638,0.0856,0.35,0.75,0.75,0.67,Neutral,Strong
2025-07-28,4.42,4.5,-0.08,-0.0891,-0.1004,-0.1936,0.0027,0.001,0.2339,0.0712,0.35,0.75,0.75,0.67,Neutral,Strong
2025-07-29,4.34,4.5,-0.16,-0.1127,-0.1112,-0.1904,0.0318,0.0281,0.2259,0.0882,0.75,0.75,0.75,0.75,Neutral,Strong
2025-07-30,4.38,4.5,-0.12,-0.1151,-0.1128,-0.1837,0.0379,0.0321,0.2092,0.0864,0.75,0.75,0.75,0.75,Neutral,Strong
2025-07-31,4.37,4.5,-0.13,-0.1201,-0.116,-0.1786,0.0502,0.0399,0.1964,0.0889,0.75,0.75,0.75,0.75,Neutral,Strong
2025-08-01,4.23,4.5,-0.27,-0.1701,-0.144,-0.1873,0.1752,0.1099,0.2182,0.1554,0.75,0.75,0.75,0.75,Neutral,Strong
2025-08-04,4.22,4.5,-0.28,-0.2067,-0.1687,-0.1961,0.2668,0.1717,0.2402,0.2113,0.75,0.75,0.75,0.75,Bullish,Strong
2025-08-05,4.22,4.5,-0.28,-0.2311,-0.1889,-0.2041,0.3278,0.2223,0.2602,0.2548,0.75,0.75,0.75,0.75,Bullish,Strong
2025-08-06,4.22,4.5,-0.28,-0.2474,-0.2055,-0.2113,0.3686,0.2637,0.2783,0.2891,0.75,0.75,0.75,0.75,Bullish,Strong
2025-08-07,4.23,4.5,-0.27,-0.255,-0.2172,-0.2169,0.3874,0.2931,0.2923,0.3117,0.75,0.75,0.75,0.75,Bullish,Strong
2025-08-08,4.27,4.5,-0.23,-0.2466,-0.2195,-0.2182,0.3666,0.2989,0.2954,0.3114,0.75,0.75,0.75,0.75,Bullish,Strong
2025-08-11,4.27,4.5,-0.23,-0.2411,-0.2214,-0.2193,0.3527,0.3036,0.2982,0.3118,0.75,0.75,0.75,0.75,Bullish,Strong
2025-08-12,4.29,4.5,-0.21,-0.2307,-0.2194,-0.2184,0.3268,0.2984,0.296,0.3034,0.75,0.75,0.75,0.75,Bullish,Strong
2025-08-13,4.24,4.5,-0.26,-0.2405,-0.2268,-0.2224,0.3512,0.3169,0.3059,0.3205,0.75,0.75,0.75,0.75,Bullish,Strong
2025-08-14,4.29,4.5,-0.21,-0.2303,-0.2237,-0.2212,0.3258,0.3093,0.303,0.3107,0.75,0.75,0.75,0.75,Bullish,Strong
2025-08-15,4.33,4.5,-0.17,-0.2102,-0.2139,-0.2163,0.2755,0.2849,0.2908,0.2848,0.75,0.75,0.75,0.75,Bullish,Strong
2025-08-18,4.34,4.5,-0.16,-0.1935,-0.2041,-0.2109,0.2337,0.2603,0.2774,0.2601,0.75,0.75,0.75,0.75,Bullish,Strong
2025-08-19,4.3,4.5,-0.2,-0.1957,-0.2034,-0.2099,0.2391,0.2585,0.2748,0.2595,0.75,0.75,0.75,0.75,Bullish,Strong
2025-08-20,4.29,4.5,-0.21,-0.2004,-0.2046,-0.2099,0.2511,0.2615,0.2748,0.2634,0.75,0.75,0.75,0.75,Bullish,Strong
2025-08-21,4.33,4.5,-0.17,-0.1903,-0.1983,-0.2061,0.2257,0.2457,0.2653,0.2476,0.75,0.75,0.75,0.75,Bullish,Strong
2025-08-22,4.26,4.5,-0.24,-0.2069,-0.2059,-0.2093,0.2671,0.2647,0.2733,0.2678,0.75,0.75,0.75,0.75,Bullish,Strong
2025-08-25,4.28,4.5,-0.22,-0.2112,-0.2084,-0.2104,0.2781,0.2711,0.2759,0.2739,0.75,0.75,0.75,0.75,Bullish,Strong
2025-08-26,4.26,4.5,-0.24,-0.2208,-0.2142,-0.2132,0.3021,0.2855,0.2829,0.288,0.75,0.75,0.75,0.75,Bullish,Strong
2025-08-27,4.24,4.5,-0.26,-0.2339,-0.2225,-0.2176,0.3347,0.3063,0.2941,0.3083,0.75,0.75,0.75,0.75,Bullish,Strong
2025-08-28,4.22,4.5,-0.28,-0.2493,-0.233,-0.2236,0.3731,0.3324,0.3089,0.3335,0.75,0.75,0.75,0.75,Bullish,Strong
2025-08-29,4.23,4.5,-0.27,-0.2562,-0.2397,-0.228,0.3904,0.3492,0.32,0.3487,0.75,0.75,0.75,0.75,Bullish,Strong
2025-09-01,4.23,4.5,-0.27,-0.2608,-0.2452,-0.232,0.402,0.363,0.33,0.3609,0.75,0.75,0.75,0.75,Bullish,Strong
2025-09-02,4.28,4.5,-0.22,-0.2472,-0.2406,-0.2309,0.368,0.3516,0.3271,0.3475,0.75,0.75,0.75,0.75,Bullish,Strong
2025-09-03,4.22,4.5,-0.28,-0.2581,-0.2478,-0.2355,0.3953,0.3695,0.3388,0.3654,0.75,0.75,0.75,0.75,Bullish,Strong
